insert into Avatar (AvatarId, AvatarName, AvatarType) values
(1, 'Dog', 'animal icon'),
(2, 'Cat', 'animal icon'),
(3, 'Bird', 'animal icon'),
(4, 'Owl', 'animal icon'),
(5, 'Cow', 'animal icon'),
(6, 'Calf', 'animal icon'),
(7, 'Ox', 'animal icon'),
(8, 'Goat', 'animal icon'),
(9, 'Horse', 'animal icon'),
(10, 'Pony', 'animal icon'),
(11, 'Sheep', 'animal icon'),
(12, 'Pig', 'animal icon'),
(13, 'Rabbit', 'animal icon'),
(14, 'Mouse', 'animal icon'),
(15, 'Donkey', 'animal icon'),
(16, 'Hamster', 'animal icon'),
(17, 'Guinea pig', 'animal icon'),
(18, 'Rooster', 'animal icon'),
(19, 'Hen', 'animal icon'),
(20, 'Chicken', 'animal icon'),
(21, 'Goose', 'animal icon'),
(22, 'Duck', 'animal icon'),
(23, 'Turkey', 'animal icon'),
(24, 'Crow', 'animal icon'),
(25, 'Snake', 'animal icon'),
(26, 'Bear', 'animal icon'),
(27, 'Hawk', 'animal icon'),
(28, 'Eagle', 'animal icon'),
(29, 'Fish', 'animal icon'),
(30, 'Spider', 'animal icon'),
(31, 'Monkey', 'animal icon'),
(32, 'Whale', 'animal icon'),
(33, 'Seel', 'animal icon'),
(34, 'Panda', 'animal icon'),
(35, 'Giraffe', 'animal icon'),
(36, 'Lion', 'animal icon'),
(37, 'Tiger', 'animal icon'),
(38, 'Firefly', 'animal icon'),
(39, 'Kid', 'animal icon'),
(40, 'Panther', 'animal icon'),
(41, 'Elephant', 'animal icon'),
(42, 'Bull', 'animal icon'),
(43, 'Shark', 'animal icon'),
(44, 'crocodile', 'animal icon'),
(45, 'Lizard', 'animal icon'),
(46, 'Alligator', 'animal icon'),
(47, 'Zebra', 'animal icon'),
(48, 'Iguana', 'animal icon'),
(49, 'Gorilla', 'animal icon'),
(50, 'Crab', 'animal icon'),
(51, 'Kangaroo', 'animal icon'),
(52, 'Penguin', 'animal icon'),
(53, 'Bat', 'animal icon'),
(54, 'Snail', 'animal icon'),
(55, 'Turtle', 'animal icon'),
(56, 'Octopus', 'animal icon'),
(57, 'Ant', 'animal icon'),
(58, 'Worm', 'animal icon'),
(59, 'Dolphin', 'animal icon'),
(60, 'Bee', 'animal icon'),
(61, 'Squirrel', 'animal icon'),
(62, 'Ostrich', 'animal icon'),
(63, 'Beaver', 'animal icon'),
(64, 'Deer', 'animal icon'),
(65, 'Wolf', 'animal icon'),
(66, 'Coyote', 'animal icon'),
(67, 'Scorpion', 'animal icon'),
(68, 'Flamingo', 'animal icon'),
(69, 'Platypus', 'animal icon'),
(70, 'Centipede', 'animal icon'),
(71, 'Wasp', 'animal icon'),
(72, 'Lynx', 'animal icon'),
(73, 'Vulture', 'animal icon'),
(74, 'Parrot', 'animal icon'),
(75, 'Raven', 'animal icon'),
(76, 'Magpie', 'animal icon');
INSERT INTO `user` (UsHGTAG, UsFirstname, UsLastname, UsNickname, UsBirthday, UsCity, UsEmail, UsPassword, UsPhone, UsType, UsCoins, UsAvatar) VALUES
(1, 'Dacia', 'Aguijares', 'Dacia78', '1988/06/14', 'Reikiavik', 'DaciaZulmara@EMAIL.COM', 6083, 3253919190, 'ADMIN', 0, 57),
(2, 'America', 'Gerd', 'America98', '2006/03/24', 'Ottawa', 'AmericaNoely@EMAIL.COM', 8331, 3191608833, 'ADMIN', 0, 2),
(3, 'Queila', 'Darren', 'Queila97', '1980/04/29', 'Saint John', 'QueilaDébora@EMAIL.COM', 8815, 3183615583, 'coach', 0, 33),
(4, 'Celidonia', 'Maria Pia', 'Celidonia59', '1984/11/08', 'Doha', 'CelidoniaJacinta@EMAIL.COM', 5026, 3151173414, 'coach', 0, 63),
(5, 'Manda', 'Pryor', 'Manda40', '1987/07/02', 'Gaborone', 'MandaDiomira@EMAIL.COM', 6499, 3087513703, 'coach', 0, 17),
(6, 'Consolación', 'Mao', 'Consolación21', '1983/06/02', 'Dakar', 'ConsolaciónEgidia@EMAIL.COM', 3262, 3208011108, 'coach', 0, 32),
(7, 'Marvel', 'Thurman', 'Marvel18', '1987/12/23', 'Maputo', 'MarvelKia@EMAIL.COM', 3013, 3107351175, 'coach', 0, 18),
(8, 'Salome', 'Akil', 'Salome60', '1999/01/19', 'Manama', 'SalomePaolina@EMAIL.COM', 9655, 3141867796, 'USER', 0, 33),
(9, 'Annabel', 'Asael', 'Annabel79', '2003/11/07', 'Argel', 'AnnabelMaria Guadalupe@EMAIL.COM', 9682, 3006122379, 'USER', 0, 44),
(10, 'Enid', 'Prospero', 'Enid98', '2006/09/26', 'Praia', 'EnidEnid@EMAIL.COM', 6303, 3245220416, 'USER', 0, 74),
(11, 'Zona', 'Otoniel', 'Zona43', '2005/08/04', 'Ankara', 'ZonaBedelia@EMAIL.COM', 5220, 3192404147, 'USER', 0, 52),
(12, 'Mehedi', 'Fursy', 'Mehedi10', '1987/03/29', 'Montevideo', 'MehediAmali@EMAIL.COM', 3067, 3259955362, 'USER', 0, 13),
(13, 'Liboria', 'Ciríaco', 'Liboria56', '1998/01/07', 'Hanói', 'LiboriaGreta@EMAIL.COM', 3004, 3186882846, 'USER', 0, 73),
(14, 'Cyndi', 'Jackson', 'Cyndi12', '1984/09/16', 'Naipyidó', 'CyndiKissa@EMAIL.COM', 1042, 3275968571, 'USER', 0, 16),
(15, 'Nicolasa', 'Eteberto', 'Nicolasa35', '1980/08/12', 'Vilna', 'NicolasaMinna@EMAIL.COM', 5879, 3200992329, 'USER', 0, 51),
(16, 'Noma', 'Kenley', 'Noma69', '2001/02/27', 'Amán', 'NomaVedel@EMAIL.COM', 4336, 3292714173, 'USER', 0, 13),
(17, 'Hinda', 'Elcide', 'Hinda91', '1987/11/20', 'Nuakchot', 'HindaAdalía@EMAIL.COM', 9421, 3090647518, 'USER', 0, 27),
(18, 'Grainne', 'Akari', 'Grainne73', '1982/10/16', 'Sofía', 'GrainneSira@EMAIL.COM', 8552, 3046932653, 'USER', 0, 19),
(19, 'Sophronia', 'Aproniano', 'Sophronia60', '2000/09/09', 'Varsovia', 'SophroniaHiginia@EMAIL.COM', 9781, 3186242937, 'USER', 0, 50),
(20, 'Roxanne', 'Ljubo', 'Roxanne29', '1976/01/05', 'Yaren', 'RoxanneCerelia@EMAIL.COM', 5484, 3110657724, 'USER', 0, 22),
(21, 'Coralie', 'Bastian', 'Coralie71', '1979/07/11', 'Ottawa', 'CoralieAlea@EMAIL.COM', 4268, 3254924221, 'USER', 0, 54),
(22, 'Loul', 'Aquiles', 'Loul60', '1996/12/25', 'Luxemburgo', 'LoulZully@EMAIL.COM', 1402, 3243226616, 'USER', 0, 69),
(23, 'Canela', 'Marat', 'Canela80', '2006/03/25', 'Vientián', 'CanelaDarlene@EMAIL.COM', 5566, 3147245384, 'USER', 0, 64),
(24, 'Ateneas', 'Huemul', 'Ateneas10', '1985/07/09', 'Naipyidó', 'AteneasLayla@EMAIL.COM', 1207, 3249886884, 'USER', 0, 2),
(25, 'Malvina', 'Barsen', 'Malvina34', '1996/12/06', 'Caracas', 'MalvinaOlga@EMAIL.COM', 9815, 3287310880, 'USER', 0, 54),
(26, 'Rocio de Luz', 'Douglas', 'Rocio de Luz68', '2005/01/24', 'Minsk', 'Rocio de LuzRomula@EMAIL.COM', 2374, 3217184461, 'USER', 0, 57),
(27, 'Amarella', 'Cesidio', 'Amarella17', '2001/03/05', 'Kuala Lumpur', 'AmarellaAbbie@EMAIL.COM', 2385, 3079328335, 'USER', 0, 63),
(28, 'Helia', 'Rudiger', 'Helia59', '2002/02/16', 'Bamako', 'HeliaAmaryllis@EMAIL.COM', 1383, 3158110873, 'USER', 0, 7),
(29, 'Nayli Mical', 'Ibero', 'Nayli Mical95', '1976/01/25', 'Tegucigalpa', 'Nayli MicalJeanette@EMAIL.COM', 3287, 3155829276, 'USER', 0, 30),
(30, 'Giorgia', 'Benet', 'Giorgia16', '1984/03/05', 'Nom Pen', 'GiorgiaAlida@EMAIL.COM', 4916, 3205037514, 'USER', 0, 8),
(31, 'Marine', 'Artemio', 'Marine32', '1989/03/05', 'Nairobi', 'MarineDayma@EMAIL.COM', 5292, 3117448957, 'USER', 0, 3),
(32, 'Kelda', 'Carauno', 'Kelda72', '1986/10/27', 'Bucarest', 'KeldaTyra@EMAIL.COM', 3068, 3119069890, 'USER', 0, 76),
(33, 'Del corazon de', 'Elcide', 'Del corazon de52', '2004/12/20', 'Taskent', 'Del corazon deAltea@EMAIL.COM', 6515, 3169670402, 'USER', 0, 23),
(34, 'Chyara', 'Thomas', 'Chyara42', '1983/11/27', 'Malé', 'ChyaraBahiana@EMAIL.COM', 6147, 3051183173, 'USER', 0, 54),
(35, 'Hossana', 'Whitby', 'Hossana53', '1993/09/14', 'Islamabad', 'HossanaAmarande@EMAIL.COM', 3102, 3276316452, 'USER', 0, 13),
(36, 'Maria Belén', 'Aurco', 'Maria Belén73', '1991/11/01', 'Andorra la Vieja', 'Maria BelénLuise@EMAIL.COM', 5702, 3125059117, 'USER', 0, 37),
(37, 'Hedwig', 'Illampu', 'Hedwig59', '2006/07/26', 'Nueva Delhi', 'HedwigMarianella@EMAIL.COM', 1541, 3045896542, 'USER', 0, 69),
(38, 'Mari Cielo', 'Gael', 'Mari Cielo55', '1984/04/04', 'Caracas', 'Mari CieloQueribina@EMAIL.COM', 3465, 3196917199, 'USER', 0, 71),
(39, 'Vanessa', 'Adlai', 'Vanessa26', '1982/11/17', 'Yamena', 'VanessaPerpetua@EMAIL.COM', 7308, 3037125433, 'USER', 0, 7),
(40, 'Merced', 'Pindaro', 'Merced49', '1983/09/17', 'Sarajevo', 'MercedCalen@EMAIL.COM', 3576, 3098914837, 'USER', 0, 67),
(41, 'Kalyca', 'Vinicius', 'Kalyca67', '1988/03/04', 'Nuakchot', 'KalycaSaveria@EMAIL.COM', 2970, 3134342754, 'USER', 0, 11),
(42, 'Centola', 'Jedidiah', 'Centola34', '2000/12/02', 'Canberra', 'CentolaMaria Lourdes@EMAIL.COM', 9183, 3100541938, 'USER', 0, 4),
(43, 'Leia', 'Inri', 'Leia13', '1990/01/24', 'Melekeok', 'LeiaClitemnestra@EMAIL.COM', 1294, 3133436985, 'USER', 0, 16),
(44, 'Naida', 'Yani', 'Naida30', '1981/05/08', 'Mogadiscio', 'NaidaLisana@EMAIL.COM', 8082, 3041453812, 'USER', 0, 25),
(45, 'Mieke', 'Aroldo', 'Mieke73', '1992/11/26', 'Amán', 'MiekeSanta@EMAIL.COM', 1924, 3024751790, 'USER', 0, 8),
(46, 'Macrina', 'Domingo', 'Macrina76', '1988/09/28', 'Palikir', 'MacrinaNicandra@EMAIL.COM', 2029, 3157647625, 'USER', 0, 74),
(47, 'Zully', 'Dolfo', 'Zully89', '2002/01/28', 'Jerusalén', 'ZullyRoxy@EMAIL.COM', 8396, 3059328320, 'USER', 0, 71),
(48, 'Sophya', 'Cook', 'Sophya55', '1982/09/19', 'Sucre', 'SophyaAberarda@EMAIL.COM', 2140, 3081001965, 'USER', 0, 48),
(49, 'Gemma', 'Sostenes', 'Gemma80', '2003/05/17', 'Abu Dabi', 'GemmaElvia@EMAIL.COM', 9513, 3053061626, 'USER', 0, 66),
(50, 'Ananquel', 'Milton', 'Ananquel21', '1976/03/05', 'Gaborone', 'AnanquelMirna@EMAIL.COM', 1518, 3111065905, 'USER', 0, 70),
(51, 'Welcome', 'Benen', 'Welcome48', '1991/06/09', 'Gaborone', 'WelcomeTeléfora@EMAIL.COM', 7155, 3149136336, 'USER', 0, 70),
(52, 'Veronika', 'Mick', 'Veronika88', '2002/04/27', 'Sri Jayawardenapura Kotte', 'VeronikaColette@EMAIL.COM', 3843, 3230503407, 'USER', 0, 9),
(53, 'Verena', 'Auxilio', 'Verena37', '1997/01/27', 'Kiev', 'VerenaEutrapia@EMAIL.COM', 2135, 3093106022, 'USER', 0, 49),
(54, 'Rei', 'Fibiceo', 'Rei72', '1981/01/22', 'Budapest', 'ReiAquilesia@EMAIL.COM', 4500, 3038171366, 'USER', 0, 9),
(55, 'Farida', 'Colin', 'Farida66', '1991/08/25', 'Yibuti', 'FaridaGundena@EMAIL.COM', 2383, 3206025824, 'USER', 0, 68),
(56, 'Orfilia', 'Alessio', 'Orfilia25', '2003/02/17', 'Sri Jayawardenapura Kotte', 'OrfiliaWulfilda@EMAIL.COM', 8113, 3072296246, 'USER', 0, 69),
(57, 'Xona', 'Shen', 'Xona76', '1986/10/16', 'Banjul', 'XonaIsolina@EMAIL.COM', 2759, 3157744860, 'USER', 0, 42),
(58, 'Seyla', 'Howard', 'Seyla73', '1989/08/27', 'Managua', 'SeylaHestia@EMAIL.COM', 8645, 3253797491, 'USER', 0, 18),
(59, 'Marcia', 'Kadin', 'Marcia96', '2002/01/19', 'Canberra', 'MarciaOpal@EMAIL.COM', 1075, 3294105058, 'USER', 0, 73),
(60, 'Neimí', 'Egdón', 'Neimí59', '1980/09/12', 'Londres', 'NeimíClitemestra@EMAIL.COM', 4077, 3015506887, 'USER', 0, 54),
(61, 'Calypso', 'Pierino', 'Calypso40', '1997/11/17', 'Jartum', 'CalypsoJudit@EMAIL.COM', 7058, 3138975132, 'USER', 0, 33),
(62, 'Analis', 'Dulio', 'Analis89', '1988/03/07', 'Bandar Seri Begawan', 'AnalisEdurne@EMAIL.COM', 5484, 3133649446, 'USER', 0, 71),
(63, 'Aure', 'Beder', 'Aure77', '1991/07/25', 'Accra', 'AureAmali@EMAIL.COM', 7907, 3224294180, 'USER', 0, 46),
(64, 'Silena', 'Sheehan', 'Silena37', '1985/07/26', 'Puerto España', 'SilenaEdeline@EMAIL.COM', 8541, 3194626481, 'USER', 0, 51),
(65, 'Walquiria', 'York', 'Walquiria35', '1994/09/08', 'Dusambé', 'WalquiriaPetula@EMAIL.COM', 5328, 3085298083, 'USER', 0, 25),
(66, 'Huelén', 'Fabrizio', 'Huelén27', '1993/06/03', 'Monrovia', 'HuelénRosanne@EMAIL.COM', 8273, 3014499159, 'USER', 0, 60),
(67, 'Quintiliana', 'Faisal', 'Quintiliana98', '1988/11/22', 'Sarajevo', 'QuintilianaKarine@EMAIL.COM', 4969, 3000626742, 'USER', 0, 17),
(68, 'Queribina', 'Thorpe', 'Queribina93', '2005/03/03', 'Bridgetown', 'QueribinaSuyaj@EMAIL.COM', 5169, 3221208959, 'USER', 0, 25),
(69, 'De Luna', 'Emerio', 'De Luna73', '1989/01/13', 'Ankara', 'De LunaEmanuela@EMAIL.COM', 8373, 3181876694, 'USER', 0, 63),
(70, 'Dilma', 'Ofir', 'Dilma66', '1983/02/09', 'Asunción', 'DilmaAbenamor@EMAIL.COM', 3123, 3260663188, 'USER', 0, 9),
(71, 'Lotus', 'Bercario', 'Lotus95', '2005/11/07', 'Mónaco', 'LotusKevyn@EMAIL.COM', 9745, 3290877313, 'USER', 0, 12),
(72, 'Nazeli', 'Darciel', 'Nazeli17', '1987/01/12', 'Bucarest', 'NazeliRea@EMAIL.COM', 2563, 3029979941, 'USER', 0, 57),
(73, 'Audelina', 'Proclo', 'Audelina61', '1987/08/09', 'Palikir', 'AudelinaInes@EMAIL.COM', 7898, 3178690536, 'USER', 0, 38),
(74, 'Ealsa', 'Wesley', 'Ealsa54', '1996/05/03', 'Jartum', 'EalsaEutrapia@EMAIL.COM', 4927, 3242210388, 'USER', 0, 42),
(75, 'Ambika', 'Reeve', 'Ambika74', '1996/02/16', 'Berna', 'AmbikaCeliana@EMAIL.COM', 4197, 3085194742, 'USER', 0, 21),
(76, 'Odile', 'Quintila', 'Odile54', '1990/09/21', 'Biskek', 'OdileZiva@EMAIL.COM', 1529, 3154494097, 'USER', 0, 14),
(77, 'Brigitte', 'Vilmar', 'Brigitte44', '1978/06/19', 'Nasáu', 'BrigitteDulce@EMAIL.COM', 1098, 3047114497, 'USER', 0, 16),
(78, 'Gracias', 'Decio', 'Gracias97', '1990/03/15', 'Doha', 'GraciasPamela@EMAIL.COM', 1354, 3144471573, 'USER', 0, 65),
(79, 'Maria Monserrat', 'Egeo', 'Maria Monserrat84', '1980/08/18', 'Nicosia', 'Maria MonserratAnaliz@EMAIL.COM', 7974, 3240026112, 'USER', 0, 60),
(80, 'Antonieta', 'Serapion', 'Antonieta46', '2006/11/27', 'Accra', 'AntonietaYara@EMAIL.COM', 8324, 3238745205, 'USER', 0, 51),
(81, 'Zulmira', 'Nel', 'Zulmira79', '2005/04/02', 'Brazzaville', 'ZulmiraAlodia@EMAIL.COM', 2335, 3098351304, 'USER', 0, 22),
(82, 'Raziya', 'Vidal', 'Raziya33', '1992/04/02', 'Skopie', 'RaziyaFresta@EMAIL.COM', 7441, 3128170785, 'USER', 0, 8),
(83, 'Ananquel', 'Asclepiades', 'Ananquel15', '1978/08/24', 'Apia', 'AnanquelJustiana@EMAIL.COM', 9706, 3059761280, 'USER', 0, 43),
(84, 'Jordane', 'Indalecio', 'Jordane40', '1989/04/21', 'Daca', 'JordaneAicha@EMAIL.COM', 7448, 3126305786, 'USER', 0, 66),
(85, 'Mary', 'Ward', 'Mary13', '2001/07/22', 'Dodoma', 'MaryPublia@EMAIL.COM', 1205, 3013180375, 'USER', 0, 59),
(86, 'Kimberly', 'Elijah', 'Kimberly55', '2003/12/12', 'México', 'KimberlyBegonia@EMAIL.COM', 5662, 3175616077, 'USER', 0, 62),
(87, 'Maria José', 'Jair', 'Maria José91', '1977/01/11', 'Podgorica', 'Maria JoséBlima@EMAIL.COM', 7676, 3040180433, 'USER', 0, 41),
(88, 'Celeste', 'Kian', 'Celeste26', '1991/09/03', 'Londres', 'CelesteJamilah@EMAIL.COM', 1729, 3021491179, 'USER', 0, 45),
(89, 'Fallon', 'Roman', 'Fallon76', '1979/12/10', 'Port Louis', 'FallonJacqueline@EMAIL.COM', 7388, 3138606231, 'USER', 0, 57),
(90, 'Elinor', 'Hilel', 'Elinor93', '2000/06/11', 'Abu Dabi', 'ElinorCapri@EMAIL.COM', 7758, 3105576027, 'USER', 0, 35),
(91, 'Babette', 'Cauciano', 'Babette31', '1993/05/29', 'Túnez', 'BabetteRosalva@EMAIL.COM', 4286, 3023488051, 'USER', 0, 28),
(92, 'Gitel', 'Ralph', 'Gitel12', '1986/06/16', 'Asmara', 'GitelEdmee@EMAIL.COM', 4114, 3272448086, 'USER', 0, 63),
(93, 'Bronda', 'Naji', 'Bronda26', '2003/08/05', 'Zagreb', 'BrondaNeena@EMAIL.COM', 5473, 3031593884, 'USER', 0, 3),
(94, 'Olathe', 'Hiroki', 'Olathe77', '1991/01/28', 'Tiflis', 'OlatheIrmelin@EMAIL.COM', 5984, 3230459967, 'USER', 0, 8),
(95, 'Audi', 'Gregorio', 'Audi34', '1976/09/22', 'Yaren', 'AudiMunira@EMAIL.COM', 1098, 3256364842, 'USER', 0, 16),
(96, 'Kanya', 'Hermocrates', 'Kanya92', '1989/11/13', 'Yaundé', 'KanyaYachne@EMAIL.COM', 6064, 3074176676, 'USER', 0, 35),
(97, 'Mireia', 'Iván', 'Mireia88', '1984/01/10', 'Puerto Moresby', 'MireiaAnnoha@EMAIL.COM', 3125, 3133003032, 'USER', 0, 57),
(98, 'Nairi', 'Nicecio', 'Nairi66', '1999/12/09', 'Ottawa', 'NairiTarsilia@EMAIL.COM', 4429, 3134041088, 'USER', 0, 21),
(99, 'Tesia', 'Patrocinio', 'Tesia69', '2001/12/19', 'Asunción', 'TesiaElma@EMAIL.COM', 8033, 3156941578, 'USER', 0, 26),
(100, 'Guisell', 'Hiparco', 'Guisell37', '2001/04/29', 'Maputo', 'GuisellBuenaventura@EMAIL.COM', 9363, 3177917351, 'USER', 0, 35),
(101, 'Fiamma', 'Vintila', 'Fiamma20', '1999/07/03', 'Melekeok', 'FiammaOnila@EMAIL.COM', 3066, 3080531785, 'USER', 0, 33),
(102, 'Haldis', 'Francesco', 'Haldis35', '1991/09/17', 'Mónaco', 'HaldisLucinda@EMAIL.COM', 9156, 3253753175, 'USER', 0, 72),
(103, 'Maria Silvestre', 'Eudoro', 'Maria Silvestre27', '2000/06/04', 'Ottawa', 'Maria SilvestreMikela@EMAIL.COM', 6491, 3181290617, 'USER', 0, 65),
(104, 'Asela', 'Hiran', 'Asela42', '1999/11/28', 'Accra', 'AselaAnisa@EMAIL.COM', 4434, 3254569149, 'USER', 0, 57),
(105, 'Natalin', 'Roni', 'Natalin21', '1978/09/12', 'Yibuti', 'NatalinMele@EMAIL.COM', 5693, 3251340419, 'USER', 0, 29),
(106, 'Covadonga', 'Patricio', 'Covadonga50', '1996/05/13', 'Biskek', 'CovadongaAndrea Soledad@EMAIL.COM', 1819, 3109177260, 'USER', 0, 36),
(107, 'Elizabeth', 'Ponciano', 'Elizabeth14', '1985/04/28', 'Adís Abeba', 'ElizabethMagda@EMAIL.COM', 7171, 3230139552, 'USER', 0, 2),
(108, 'Johanna', 'Eutiquiano', 'Johanna49', '1980/08/23', 'Taipéi', 'JohannaKenya@EMAIL.COM', 5872, 3135125313, 'USER', 0, 55),
(109, 'Cinzia', 'Elam', 'Cinzia37', '1978/02/13', 'Jartum', 'CinziaTonantzin@EMAIL.COM', 6385, 3213470637, 'USER', 0, 29),
(110, 'Catalina', 'Alfredo', 'Catalina68', '2005/02/16', 'Luanda', 'CatalinaOletha@EMAIL.COM', 7213, 3037882279, 'USER', 0, 36),
(111, 'Maria de las Malvinas', 'Eutimio', 'Maria de las Malvinas75', '1980/06/15', 'Puerto Príncipe', 'Maria de las MalvinasMorella@EMAIL.COM', 7648, 3231606743, 'USER', 0, 32),
(112, 'Jodi', 'Kenn', 'Jodi25', '1986/06/08', 'Pretoria', 'JodiIsaura@EMAIL.COM', 1066, 3077434550, 'USER', 0, 6),
(113, 'Alis', 'Kensel', 'Alis59', '1979/05/19', 'Maputo', 'AlisChavi@EMAIL.COM', 2653, 3066128812, 'USER', 0, 33),
(114, 'Maria Lourdes', 'Kalani', 'Maria Lourdes76', '1997/07/12', 'Teherán', 'Maria LourdesEtel@EMAIL.COM', 3573, 3144268179, 'USER', 0, 30),
(115, 'Zulima', 'Jenaro', 'Zulima34', '2002/01/05', 'Wellington', 'ZulimaOrnella@EMAIL.COM', 6682, 3082893091, 'USER', 0, 56),
(116, 'Andresa', 'Halley', 'Andresa74', '1992/04/13', 'México', 'AndresaArgen@EMAIL.COM', 8472, 3079383058, 'USER', 0, 41),
(117, 'Tisiana', 'Giordano', 'Tisiana85', '1989/02/25', 'Gaborone', 'TisianaDariela@EMAIL.COM', 2639, 3021052519, 'USER', 0, 50),
(118, 'Moesha', 'Radman', 'Moesha95', '1985/06/17', 'Pretoria', 'MoeshaAlsacia@EMAIL.COM', 3940, 3100739986, 'USER', 0, 11),
(119, 'Marciana', 'Tom', 'Marciana88', '1997/03/09', 'Luanda', 'MarcianaMaria de las Gracias@EMAIL.COM', 2458, 3284966900, 'USER', 0, 22),
(120, 'Melina', 'Anoki', 'Melina49', '1994/04/02', 'Vaticano', 'MelinaLillian@EMAIL.COM', 2638, 3140086416, 'USER', 0, 59),
(121, 'Koren', 'Raniero', 'Koren35', '1997/07/03', 'Lisboa', 'KorenNisela@EMAIL.COM', 6999, 3160725716, 'USER', 0, 27),
(122, 'Vesna', 'Durand', 'Vesna64', '2001/01/21', 'Buyumbura', 'VesnaGreer@EMAIL.COM', 9950, 3103515750, 'USER', 0, 59),
(123, 'Coloma', 'Darshan', 'Coloma40', '2003/08/06', 'Windhoek', 'ColomaLizzy@EMAIL.COM', 5689, 3191143005, 'USER', 0, 58),
(124, 'Nilvia', 'Doroteo', 'Nilvia94', '1993/05/05', 'Seúl', 'NilviaRosina@EMAIL.COM', 3392, 3219155412, 'USER', 0, 65),
(125, 'Vala', 'Masculas', 'Vala79', '2005/12/04', 'Lilongüe', 'ValaMelitea@EMAIL.COM', 8073, 3233864891, 'USER', 0, 33),
(126, 'Ailsa', 'Solemnio', 'Ailsa38', '2002/02/17', 'Rabat', 'AilsaEliane@EMAIL.COM', 5453, 3233441816, 'USER', 0, 42),
(127, 'Guivorada', 'Ageo', 'Guivorada66', '1998/02/21', 'Taskent', 'GuivoradaWilma@EMAIL.COM', 4965, 3125383763, 'USER', 0, 58),
(128, 'Rocio Daira', 'Liberto', 'Rocio Daira46', '1993/03/01', 'La Valeta', 'Rocio DairaCandela@EMAIL.COM', 2092, 3288385315, 'USER', 0, 52),
(129, 'Hoshi', 'Tremaine', 'Hoshi39', '2004/10/18', 'Rabat', 'HoshiIlaria@EMAIL.COM', 8508, 3148321067, 'USER', 0, 3),
(130, 'Freyra', 'Ireneo', 'Freyra19', '1983/12/03', 'Niamey', 'FreyraIamit@EMAIL.COM', 1288, 3137352157, 'USER', 0, 71),
(131, 'Kalanit', 'Forbes', 'Kalanit14', '2000/02/03', 'Estocolmo', 'KalanitMaida@EMAIL.COM', 1834, 3059675598, 'USER', 0, 71),
(132, 'Edelveis', 'Naoki', 'Edelveis89', '2001/04/24', 'Porto-Novo', 'EdelveisTito Livio Naraíani@EMAIL.COM', 7644, 3113209581, 'USER', 0, 32),
(133, 'Mayu', 'Thanos', 'Mayu11', '1993/01/06', 'Sri Jayawardenapura Kotte', 'MayuAngie@EMAIL.COM', 3561, 3024121415, 'USER', 0, 42),
(134, 'Salene', 'Teusetas', 'Salene53', '1993/06/20', 'Saná', 'SaleneAleeza@EMAIL.COM', 1779, 3203312626, 'USER', 0, 65),
(135, 'Mirela', 'Merlin', 'Mirela83', '1976/12/16', 'Lisboa', 'MirelaRosemarie@EMAIL.COM', 1668, 3111304428, 'USER', 0, 48),
(136, 'Leyla', 'Sigisbaldo', 'Leyla45', '1995/06/13', 'Jerusalén', 'LeylaChasca@EMAIL.COM', 3249, 3199933986, 'USER', 0, 38),
(137, 'Luja', 'Mercer', 'Luja47', '1989/05/13', 'Malabo', 'LujaKatharine@EMAIL.COM', 6385, 3206979576, 'USER', 0, 30),
(138, 'Luz', 'Crecinio', 'Luz53', '1998/03/09', 'Nueva Delhi', 'LuzLavive@EMAIL.COM', 2964, 3044223072, 'USER', 0, 46),
(139, 'Pearl', 'Leoncio', 'Pearl89', '2000/06/06', 'Ankara', 'PearlAmiela@EMAIL.COM', 7371, 3087381265, 'USER', 0, 58),
(140, 'Belkyss', 'Milej', 'Belkyss81', '2005/04/25', 'Pretoria', 'BelkyssIonit@EMAIL.COM', 4843, 3220120542, 'USER', 0, 37),
(141, 'Saturnina', 'Larrimore', 'Saturnina23', '1999/04/01', 'Bandar Seri Begawan', 'SaturninaBahía@EMAIL.COM', 2609, 3099297376, 'USER', 0, 43),
(142, 'De la Flor', 'Oren', 'De la Flor20', '2004/09/26', 'Luanda', 'De la FlorMagda@EMAIL.COM', 8237, 3033235827, 'USER', 0, 38),
(143, 'Nefer', 'Abdon', 'Nefer43', '1983/02/28', 'Chisináu', 'NeferAnyelen@EMAIL.COM', 9739, 3085670060, 'USER', 0, 21),
(144, 'Elina', 'Ezra', 'Elina64', '1992/01/17', 'Yamena', 'ElinaRomanella@EMAIL.COM', 1603, 3272894841, 'USER', 0, 59),
(145, 'Alia', 'Guniforte', 'Alia26', '1978/03/18', 'Vaduz', 'AliaMikaela@EMAIL.COM', 2696, 3083344591, 'USER', 0, 68),
(146, 'Kiara Sinai', 'Sixto', 'Kiara Sinai85', '1988/09/27', 'Bangui', 'Kiara SinaiLedicia@EMAIL.COM', 9957, 3202119106, 'USER', 0, 54),
(147, 'Fusca', 'Pelope', 'Fusca70', '1984/04/02', 'Kingstown', 'FuscaMaria Josefina@EMAIL.COM', 4307, 3290549589, 'USER', 0, 40),
(148, 'Brianna', 'Samir', 'Brianna95', '2005/09/07', 'Jartum', 'BriannaPleasance@EMAIL.COM', 5565, 3082287228, 'USER', 0, 40),
(149, 'Dándara', 'Eun Bin', 'Dándara72', '2001/11/23', 'Adís Abeba', 'DándaraLelica@EMAIL.COM', 7131, 3057827596, 'USER', 0, 46),
(150, 'Argelia', 'Reno', 'Argelia62', '1997/01/24', 'Roseau', 'ArgeliaOdessa@EMAIL.COM', 5384, 3121584114, 'USER', 0, 46),
(151, 'Alzena', 'Firmato', 'Alzena38', '1982/05/26', 'La Habana', 'AlzenaVanna@EMAIL.COM', 3386, 3079903827, 'USER', 0, 21),
(152, 'Lucille', 'Erasmo', 'Lucille48', '1977/10/20', 'Yuba', 'LucilleBirgitta@EMAIL.COM', 9423, 3036061170, 'USER', 0, 33),
(153, 'Olwen', 'Kolby', 'Olwen38', '2005/02/13', 'Victoria', 'OlwenTeofila@EMAIL.COM', 8447, 3228258558, 'USER', 0, 64),
(154, 'Concordia', 'Pretextato', 'Concordia82', '1989/05/22', 'Windhoek', 'ConcordiaBlayne@EMAIL.COM', 5092, 3198549971, 'USER', 0, 72),
(155, 'Teresita', 'Laird', 'Teresita53', '1989/09/17', 'Bakú', 'TeresitaDorinda@EMAIL.COM', 6244, 3278413813, 'USER', 0, 13),
(156, 'Wendy', 'Antero', 'Wendy59', '1994/01/24', 'Moscú', 'WendySilena@EMAIL.COM', 8514, 3250621262, 'USER', 0, 61),
(157, 'Java', 'Armindo', 'Java51', '1979/12/19', 'Saná', 'JavaAnnella@EMAIL.COM', 3300, 3159554336, 'USER', 0, 72),
(158, 'Angustias', 'Beaman', 'Angustias94', '1984/04/23', 'Bamako', 'AngustiasArgentina@EMAIL.COM', 8979, 3046301014, 'USER', 0, 69),
(159, 'Suzette', 'Bianor', 'Suzette96', '1981/11/29', 'Tirana', 'SuzetteCarmit@EMAIL.COM', 8091, 3245974917, 'USER', 0, 10),
(160, 'Serotina', 'Uberto', 'Serotina28', '1991/11/08', 'Belmopán', 'SerotinaLoreto@EMAIL.COM', 6113, 3196987176, 'USER', 0, 30),
(161, 'Odel', 'Mati', 'Odel71', '1979/09/05', 'Bratislava', 'OdelSecunda@EMAIL.COM', 2252, 3054558912, 'USER', 0, 28),
(162, 'Dorana', 'Alston', 'Dorana42', '1977/12/07', 'Lilongüe', 'DoranaMavira@EMAIL.COM', 7055, 3089762675, 'USER', 0, 60),
(163, 'Cibele', 'Ferreolo', 'Cibele99', '1998/08/26', 'Wellington', 'CibeleConcordia@EMAIL.COM', 2898, 3065591176, 'USER', 0, 18),
(164, 'Ubaldina', 'Harden', 'Ubaldina51', '1980/08/29', 'Yaren', 'UbaldinaFionna@EMAIL.COM', 2210, 3282882671, 'USER', 0, 75),
(165, 'Anera', 'Edilbero', 'Anera74', '1995/02/11', 'Estocolmo', 'AneraAriadna@EMAIL.COM', 5351, 3125177494, 'USER', 0, 56),
(166, 'Cinda', 'Menio', 'Cinda90', '1983/08/21', 'La Valeta', 'CindaSeverina@EMAIL.COM', 8134, 3220123163, 'USER', 0, 63),
(167, 'Agar', 'Alek', 'Agar55', '1991/09/09', 'Bridgetown', 'AgarLissa@EMAIL.COM', 1604, 3244021249, 'USER', 0, 65),
(168, 'Asteria', 'Leron', 'Asteria11', '2006/08/12', 'Roseau', 'AsteriaBritannia@EMAIL.COM', 4457, 3273596120, 'USER', 0, 50),
(169, 'Elna', 'Filindo', 'Elna36', '1998/11/06', 'Gaborone', 'ElnaMaria Gracia@EMAIL.COM', 9726, 3022890120, 'USER', 0, 64),
(170, 'Nebila', 'Peleo', 'Nebila29', '2006/11/21', 'Brazzaville', 'NebilaMelanie@EMAIL.COM', 9524, 3026202505, 'USER', 0, 47),
(171, 'Govinda', 'Alojz', 'Govinda32', '1980/12/20', 'Bangui', 'GovindaTesia@EMAIL.COM', 6267, 3027600419, 'USER', 0, 23),
(172, 'Fonda', 'Cheng Ko', 'Fonda85', '1985/03/21', 'Malé', 'FondaRebekah@EMAIL.COM', 3588, 3021062511, 'USER', 0, 32),
(173, 'Pomponia', 'Tomer', 'Pomponia23', '1999/09/15', 'Georgetown', 'PomponiaAischa@EMAIL.COM', 6006, 3296046719, 'USER', 0, 75),
(174, 'Antonia', 'Maverick', 'Antonia50', '2003/08/09', 'Saná', 'AntoniaHildemar@EMAIL.COM', 9535, 3077159381, 'USER', 0, 40),
(175, 'Haldis', 'Ismail', 'Haldis51', '1991/08/19', 'San José', 'HaldisMeira@EMAIL.COM', 1928, 3120088736, 'USER', 0, 51),
(176, 'Naima', 'Bonaiunta', 'Naima50', '1988/08/07', 'Naipyidó', 'NaimaAzucena del Valle@EMAIL.COM', 5028, 3264633703, 'USER', 0, 47),
(177, 'Manuelita', 'Abel', 'Manuelita86', '1993/04/29', 'Guatemala', 'ManuelitaTrixie@EMAIL.COM', 7344, 3066146080, 'USER', 0, 61),
(178, 'Maria Cielo', 'Taro', 'Maria Cielo54', '1999/10/28', 'El Cairo', 'Maria CieloSabrina@EMAIL.COM', 6665, 3117928742, 'USER', 0, 42),
(179, 'Maria de Iya', 'Berenger', 'Maria de Iya55', '2005/04/26', 'Pretoria', 'Maria de IyaLauren@EMAIL.COM', 6303, 3192085034, 'USER', 0, 12),
(180, 'Macaria', 'Baltar', 'Macaria92', '1985/09/28', 'Buyumbura', 'MacariaPenelope@EMAIL.COM', 2769, 3149571804, 'USER', 0, 30),
(181, 'Nimia', 'Obed', 'Nimia33', '2006/07/23', 'Tallin', 'NimiaErmelinda@EMAIL.COM', 9510, 3256935816, 'USER', 0, 6),
(182, 'Maria del Sur', 'Brett', 'Maria del Sur74', '1992/01/26', 'Banjul', 'Maria del SurDianela@EMAIL.COM', 7538, 3216406898, 'USER', 0, 29),
(183, 'Davida', 'Shinboku', 'Davida25', '1996/08/21', 'Lisboa', 'DavidaBirgitta@EMAIL.COM', 8706, 3135231336, 'USER', 0, 51),
(184, 'Luza', 'Rawdon', 'Luza21', '1987/11/16', 'Malabo', 'LuzaPróspera@EMAIL.COM', 6385, 3078938402, 'USER', 0, 19),
(185, 'Shina', 'Sebasten', 'Shina57', '1980/01/19', 'Honiara', 'ShinaDagny@EMAIL.COM', 2788, 3029597607, 'USER', 0, 59),
(186, 'Arcelia', 'Eliab', 'Arcelia62', '2005/09/28', 'Praia', 'ArceliaSinead@EMAIL.COM', 4860, 3044108272, 'USER', 0, 66),
(187, 'Jadwige', 'Bolton', 'Jadwige38', '1981/12/03', 'Manila', 'JadwigeYadia@EMAIL.COM', 9944, 3149346111, 'USER', 0, 75),
(188, 'Chesira', 'Uladislao', 'Chesira34', '1980/01/15', 'Pionyang', 'ChesiraLiberia@EMAIL.COM', 4119, 3046445132, 'USER', 0, 58),
(189, 'Afric', 'Amador', 'Afric70', '2000/12/27', 'Kuala Lumpur', 'AfricFrancia@EMAIL.COM', 5143, 3271832146, 'USER', 0, 14),
(190, 'Loreto', 'Royce', 'Loreto99', '1998/10/26', 'Amán', 'LoretoAudra@EMAIL.COM', 2606, 3050172058, 'USER', 0, 37),
(191, 'Frances', 'Rutulo', 'Frances37', '1993/01/08', 'Luxemburgo', 'FrancesPenélope@EMAIL.COM', 9224, 3021189773, 'USER', 0, 52),
(192, 'Fidelity', 'Baird', 'Fidelity41', '2005/01/20', 'Port Vila', 'FidelityGüendalina@EMAIL.COM', 2023, 3283307796, 'USER', 0, 76),
(193, 'Bibi', 'Nel', 'Bibi58', '1996/09/28', 'Riga', 'BibiAymee@EMAIL.COM', 2691, 3171386070, 'USER', 0, 69),
(194, 'Shamel', 'Pragnacio', 'Shamel87', '2006/12/23', 'El Cairo', 'ShamelHelmice@EMAIL.COM', 3182, 3124790346, 'USER', 0, 13),
(195, 'Malia', 'Iván', 'Malia29', '2005/09/15', 'Amán', 'MaliaPaulina@EMAIL.COM', 1564, 3238871221, 'USER', 0, 58),
(196, 'Eufrasia', 'Xoan', 'Eufrasia86', '1987/01/22', 'San Marino', 'EufrasiaDanalí@EMAIL.COM', 2582, 3096490684, 'USER', 0, 8),
(197, 'Mical', 'Filoteo', 'Mical80', '1995/01/11', 'Jartum', 'MicalTeodosia@EMAIL.COM', 8124, 3075895692, 'USER', 0, 76),
(198, 'Alize', 'Afraates', 'Alize37', '1999/12/03', 'San José', 'AlizeNoelí@EMAIL.COM', 2614, 3176619425, 'USER', 0, 75),
(199, 'Latona', 'Jurrien', 'Latona48', '1981/01/23', 'Sarajevo', 'LatonaGenevieve@EMAIL.COM', 5480, 3106646921, 'USER', 0, 21),
(200, 'Brooke', 'Telly', 'Brooke64', '2004/08/27', 'Islamabad', 'BrookeAuria@EMAIL.COM', 7560, 3048298547, 'USER', 0, 15),
(201, 'Dorelia', 'Adelqui', 'Dorelia84', '1999/02/18', 'Riad', 'DoreliaMaria del Pino@EMAIL.COM', 8908, 3185580248, 'USER', 0, 46),
(202, 'Quirina', 'Culmacio', 'Quirina70', '1984/04/19', 'Yakarta', 'QuirinaGladis@EMAIL.COM', 1597, 3141290081, 'USER', 0, 67),
(203, 'Lizinka', 'Ualid', 'Lizinka96', '1980/02/19', 'Ankara', 'LizinkaMehedi@EMAIL.COM', 5012, 3238859733, 'USER', 0, 43),
(204, 'Huilen', 'Alio', 'Huilen50', '1980/07/21', 'Bakú', 'HuilenJavorka@EMAIL.COM', 8805, 3104694705, 'USER', 0, 25),
(205, 'Reinalda', 'Aryan', 'Reinalda57', '2004/06/27', 'Accra', 'ReinaldaMissy@EMAIL.COM', 5431, 3295984307, 'USER', 0, 53),
(206, 'Odessa', 'Danko', 'Odessa67', '2001/08/02', 'Katmandú', 'OdessaAstrea@EMAIL.COM', 5169, 3278803308, 'USER', 0, 58),
(207, 'Perfecta', 'Troades', 'Perfecta33', '1980/11/04', 'Kuwait City', 'PerfectaNanci@EMAIL.COM', 2814, 3225284355, 'USER', 0, 43),
(208, 'Albana', 'Firmato', 'Albana82', '1986/08/26', 'Palikir', 'AlbanaFisseha@EMAIL.COM', 2263, 3200322998, 'USER', 0, 64),
(209, 'Gittel', 'Zigor', 'Gittel23', '1976/04/27', 'Abu Dabi', 'GittelSydelle@EMAIL.COM', 5597, 3127310084, 'USER', 0, 14),
(210, 'Jemima', 'Secundino', 'Jemima92', '1980/11/23', 'Belmopán', 'JemimaJaimie@EMAIL.COM', 5502, 3171024798, 'USER', 0, 65),
(211, 'Tovah', 'Silo', 'Tovah92', '1999/06/13', 'Helsinki', 'TovahMaria de la Merced@EMAIL.COM', 3914, 3231890045, 'USER', 0, 16),
(212, 'Brietta', 'Kirby', 'Brietta14', '2006/09/13', 'Niamey', 'BriettaCoraima@EMAIL.COM', 5467, 3214432619, 'USER', 0, 61),
(213, 'Alvia', 'Liam', 'Alvia26', '1982/05/03', 'Pionyang', 'AlviaEva@EMAIL.COM', 4605, 3075603620, 'USER', 0, 30),
(214, 'Alena', 'Micaías', 'Alena10', '1985/09/14', 'Dusambé', 'AlenaLeska@EMAIL.COM', 6651, 3088169241, 'USER', 0, 39),
(215, 'Maria de Aranzazu', 'Biniamin', 'Maria de Aranzazu41', '2006/12/22', 'Port Vila', 'Maria de AranzazuOdetta@EMAIL.COM', 3909, 3029458024, 'USER', 0, 37),
(216, 'Tayhana', 'Vetio', 'Tayhana38', '2000/10/12', 'Yaren', 'TayhanaPascuala@EMAIL.COM', 2659, 3183238088, 'USER', 0, 72),
(217, 'Ismelda', 'Valdir', 'Ismelda60', '1996/07/09', 'Kampala', 'IsmeldaMalú@EMAIL.COM', 3457, 3148220251, 'USER', 0, 56),
(218, 'Ester', 'Vasin', 'Ester67', '2003/05/07', 'Paramaribo', 'EsterOmega@EMAIL.COM', 3319, 3227260940, 'USER', 0, 13),
(219, 'Iara', 'Judas', 'Iara44', '1984/06/13', 'Lisboa', 'IaraBrigida@EMAIL.COM', 4518, 3241801090, 'USER', 0, 39),
(220, 'Edelweis', 'Anuar', 'Edelweis87', '1978/01/06', 'Vientián', 'EdelweisDyora@EMAIL.COM', 1928, 3297597087, 'USER', 0, 38),
(221, 'Kaatje', 'Eton', 'Kaatje25', '1980/04/14', 'Ámsterdam', 'KaatjeHuelén@EMAIL.COM', 5575, 3178400403, 'USER', 0, 30),
(222, 'Katelyn', 'Adil', 'Katelyn90', '2001/06/19', 'Puerto España', 'KatelynErasma@EMAIL.COM', 3357, 3254411471, 'USER', 0, 8),
(223, 'Gretchen', 'Avito', 'Gretchen93', '1992/01/15', 'Sri Jayawardenapura Kotte', 'GretchenPerla@EMAIL.COM', 5958, 3029382762, 'USER', 0, 24),
(224, 'Selma', 'Ranen', 'Selma97', '1985/09/01', 'Islamabad', 'SelmaSeraj@EMAIL.COM', 1364, 3002054881, 'USER', 0, 64),
(225, 'Diomira', 'Haroldo', 'Diomira69', '1984/06/02', 'San José', 'DiomiraXiana@EMAIL.COM', 4594, 3134860974, 'USER', 0, 17),
(226, 'Mauriana', 'Bail', 'Mauriana32', '1993/12/18', 'Vaticano', 'MaurianaOfelia@EMAIL.COM', 8985, 3159137898, 'USER', 0, 56),
(227, 'Livia', 'Jimmy', 'Livia84', '1978/05/21', 'Vaticano', 'LiviaPaula@EMAIL.COM', 5451, 3175320282, 'USER', 0, 15),
(228, 'Arydea', 'Ade', 'Arydea80', '1990/04/28', 'Saná', 'ArydeaWaded@EMAIL.COM', 2843, 3049307365, 'USER', 0, 66),
(229, 'Racha', 'Constantin', 'Racha84', '1994/02/26', 'Apia', 'RachaLeska@EMAIL.COM', 1407, 3120826126, 'USER', 0, 9),
(230, 'Fonda', 'Roldan', 'Fonda30', '1984/02/16', 'Nukualofa', 'FondaDiva@EMAIL.COM', 4984, 3127712443, 'USER', 0, 16),
(231, 'Jodi', 'Anfion', 'Jodi23', '2001/09/27', 'Vaduz', 'JodiTigridia@EMAIL.COM', 8502, 3177307131, 'USER', 0, 46),
(232, 'Basila', 'Maico', 'Basila23', '1999/10/25', 'Buyumbura', 'BasilaBlasina@EMAIL.COM', 3730, 3132557185, 'USER', 0, 27),
(233, 'Auree', 'Caesar', 'Auree74', '1992/03/01', 'Yibuti', 'AureeTeresa@EMAIL.COM', 1224, 3169333113, 'USER', 0, 18),
(234, 'Kala', 'Cancio', 'Kala44', '1978/01/17', 'Amán', 'KalaTreia@EMAIL.COM', 7083, 3076293243, 'USER', 0, 14),
(235, 'Pascha', 'Anfion', 'Pascha64', '1986/08/13', 'Bagdad', 'PaschaAgatha@EMAIL.COM', 5628, 3195509434, 'USER', 0, 39),
(236, 'Zuzanny', 'Fares', 'Zuzanny10', '1991/06/01', 'Puerto Moresby', 'ZuzannyRhona@EMAIL.COM', 3652, 3180803441, 'USER', 0, 65),
(237, 'Dámaris', 'Euripides', 'Dámaris24', '1998/11/12', 'Yamusukro', 'DámarisAn@EMAIL.COM', 4441, 3159183658, 'USER', 0, 9),
(238, 'Viola', 'Fidencio', 'Viola30', '1999/06/09', 'Zagreb', 'ViolaAlice@EMAIL.COM', 9773, 3059261525, 'USER', 0, 12),
(239, 'Lewa', 'Jivin', 'Lewa50', '1996/12/14', 'Port Vila', 'LewaIrinea@EMAIL.COM', 7988, 3173831797, 'USER', 0, 9),
(240, 'Antinia', 'Natan', 'Antinia16', '2000/01/28', 'Pristina', 'AntiniaGulnara@EMAIL.COM', 4932, 3043188941, 'USER', 0, 18),
(241, 'Airlia', 'Quinby', 'Airlia34', '1993/10/25', 'Asmara', 'AirliaIsla@EMAIL.COM', 9281, 3031874007, 'USER', 0, 53),
(242, 'Indigo', 'Seth', 'Indigo50', '1983/03/09', 'Nukualofa', 'IndigoLicia@EMAIL.COM', 1342, 3155054671, 'USER', 0, 54),
(243, 'Damasia', 'Yohans', 'Damasia75', '2005/12/21', 'Castries', 'DamasiaEdelweis@EMAIL.COM', 5534, 3218360964, 'USER', 0, 51),
(244, 'Jeri', 'Ordell', 'Jeri19', '1985/10/27', 'Wellington', 'JeriMadelen@EMAIL.COM', 7495, 3212045665, 'USER', 0, 34),
(245, 'Hersilia', 'Ante', 'Hersilia86', '1999/05/12', 'Honiara', 'HersiliaFlor Maria@EMAIL.COM', 7752, 3073763824, 'USER', 0, 5),
(246, 'Ilida', 'Ovidio', 'Ilida95', '2004/12/25', 'Lilongüe', 'IlidaKatelyn@EMAIL.COM', 8184, 3199938914, 'USER', 0, 71),
(247, 'Aielet', 'Nicasio', 'Aielet95', '1993/09/12', 'Madrid', 'AieletAnatolia@EMAIL.COM', 1860, 3226961727, 'USER', 0, 55),
(248, 'Eduvijes', 'Toft', 'Eduvijes65', '1980/12/17', 'Pristina', 'EduvijesElisabet@EMAIL.COM', 4805, 3293659888, 'USER', 0, 26),
(249, 'Octavia', 'Yehoshuah', 'Octavia58', '1996/04/15', 'Libreville', 'OctaviaKeturah@EMAIL.COM', 8095, 3141716214, 'USER', 0, 33),
(250, 'Coquena', 'Buda', 'Coquena92', '2001/09/06', 'Conakri', 'CoquenaCuadrato@EMAIL.COM', 3182, 3030565711, 'USER', 0, 9),
(251, 'Ulysses', 'Aracu', 'Ulysses91', '2001/11/06', 'San José', 'UlyssesPhillip@EMAIL.COM', 9609, 3103370529, 'USER', 0, 69),
(252, 'Hermogenes', 'Zacarias', 'Hermogenes83', '2004/05/01', 'Islamabad', 'HermogenesLaszlo@EMAIL.COM', 5604, 3160281981, 'USER', 0, 47),
(253, 'Hipólito', 'Teófilo', 'Hipólito70', '1982/05/24', 'Kiev', 'HipólitoRaimulfo@EMAIL.COM', 5142, 3018854565, 'USER', 0, 9),
(254, 'Nikolas', 'Decker', 'Nikolas98', '1983/07/06', 'Bogotá', 'NikolasEdelmar@EMAIL.COM', 1042, 3130689962, 'USER', 0, 4),
(255, 'Bligh', 'Simeon', 'Bligh59', '1999/10/29', 'Bogotá', 'BlighEliézer@EMAIL.COM', 5175, 3281129123, 'USER', 0, 47),
(256, 'Sabacio', 'Bautista', 'Sabacio33', '1986/03/05', 'Kingstown', 'SabacioThorpe@EMAIL.COM', 5369, 3167385899, 'USER', 0, 20),
(257, 'Drogon', 'Hiran', 'Drogon70', '2002/10/03', 'Vaticano', 'DrogonNolberto@EMAIL.COM', 4987, 3074955939, 'USER', 0, 70),
(258, 'Harvey', 'Pinito', 'Harvey15', '1984/10/17', 'Montevideo', 'HarveyHeberto@EMAIL.COM', 1069, 3249500244, 'USER', 0, 11),
(259, 'Ammonio', 'Milorad', 'Ammonio95', '2005/05/06', 'Belmopán', 'AmmonioAlec@EMAIL.COM', 1289, 3222621696, 'USER', 0, 51),
(260, 'Ottone', 'Guntero', 'Ottone87', '1986/06/08', 'Nairobi', 'OttoneOrrin@EMAIL.COM', 3693, 3268721194, 'USER', 0, 12),
(261, 'Citino', 'Aaronit', 'Citino59', '2000/04/24', 'Nuakchot', 'CitinoRish@EMAIL.COM', 6348, 3133958959, 'USER', 0, 33),
(262, 'Yuma', 'Erik', 'Yuma20', '1981/08/17', 'Bakú', 'YumaHurley@EMAIL.COM', 8881, 3149824567, 'USER', 0, 56),
(263, 'Pasicrates', 'Winston', 'Pasicrates47', '1985/05/26', 'Yuba', 'PasicratesHerb@EMAIL.COM', 6274, 3036483194, 'USER', 0, 28),
(264, 'Stéfano', 'Mateo', 'Stéfano33', '1977/03/26', 'Ámsterdam', 'StéfanoKiefer@EMAIL.COM', 9911, 3158371571, 'USER', 0, 45),
(265, 'Aneano', 'Sigfrido', 'Aneano98', '1989/09/23', 'Taskent', 'AneanoGus@EMAIL.COM', 4683, 3001420083, 'USER', 0, 60),
(266, 'Adiran', 'Abrahan', 'Adiran42', '1994/09/28', 'Ulán Bator', 'AdiranValentin@EMAIL.COM', 3882, 3037023340, 'USER', 0, 50),
(267, 'Mahmoud', 'Tancon', 'Mahmoud97', '1989/01/13', 'Pretoria', 'MahmoudRuss@EMAIL.COM', 4585, 3002785412, 'USER', 0, 63),
(268, 'Eustremonio', 'Bruce', 'Eustremonio57', '2001/10/27', 'Yaren', 'EustremonioCesarion@EMAIL.COM', 2957, 3200614100, 'USER', 0, 37),
(269, 'Radames', 'Efrat', 'Radames36', '1991/11/18', 'Thimphu', 'RadamesProcoro@EMAIL.COM', 3553, 3239782087, 'USER', 0, 45),
(270, 'Ratbodo', 'Netanel', 'Ratbodo49', '1976/10/20', 'Guatemala', 'RatbodoArmen Shant@EMAIL.COM', 9607, 3067431846, 'USER', 0, 56),
(271, 'Agricola', 'Seviliano', 'Agricola16', '1998/06/20', 'Ankara', 'AgricolaAnton@EMAIL.COM', 1067, 3145510284, 'USER', 0, 4),
(272, 'Cleofá', 'Milo', 'Cleofá42', '1988/11/07', 'Niamey', 'CleofáPausidio@EMAIL.COM', 1956, 3174898034, 'USER', 0, 37),
(273, 'Gunnar', 'Eros', 'Gunnar53', '1982/11/04', 'Castries', 'GunnarFernando@EMAIL.COM', 7137, 3157950966, 'USER', 0, 34),
(274, 'Algerico', 'Colmano', 'Algerico78', '1993/06/10', 'Tallin', 'AlgericoSeamus@EMAIL.COM', 5460, 3091507581, 'USER', 0, 4),
(275, 'Uziel', 'Lorne', 'Uziel42', '2000/06/03', 'Zagreb', 'UzielAric@EMAIL.COM', 8381, 3184364972, 'USER', 0, 40),
(276, 'Melik', 'Rafferty', 'Melik11', '1980/06/05', 'Niamey', 'MelikArieh@EMAIL.COM', 3788, 3171360454, 'USER', 0, 23),
(277, 'Vince', 'Arnol', 'Vince57', '1996/04/02', 'Copenhague', 'VinceGresham@EMAIL.COM', 4824, 3278983504, 'USER', 0, 3),
(278, 'Kiernan', 'Ayul', 'Kiernan54', '2005/09/02', 'Jerusalén Este', 'KiernanGarabed@EMAIL.COM', 7127, 3027425230, 'USER', 0, 53),
(279, 'Brandano', 'Verulo', 'Brandano56', '1990/12/13', 'Asmara', 'BrandanoImhotep@EMAIL.COM', 1344, 3048464181, 'USER', 0, 25),
(280, 'Yocer', 'Beldon', 'Yocer69', '2002/05/27', 'Tiflis', 'YocerBenicio@EMAIL.COM', 4733, 3124688697, 'USER', 0, 6),
(281, 'Mordecai', 'Servando', 'Mordecai81', '1980/06/14', 'Kingston', 'MordecaiZigor@EMAIL.COM', 8492, 3242209740, 'USER', 0, 40),
(282, 'Hermelando', 'Lyman', 'Hermelando65', '1996/04/06', 'Pristina', 'HermelandoPietro@EMAIL.COM', 8956, 3107568129, 'USER', 0, 17),
(283, 'Policeto', 'Ferdinand', 'Policeto61', '1980/11/21', 'Buenos Aires', 'PolicetoPardulfo@EMAIL.COM', 7219, 3181664896, 'USER', 0, 9),
(284, 'Epicuro', 'Malone', 'Epicuro88', '1985/09/27', 'Adís Abeba', 'EpicuroHaiko@EMAIL.COM', 3389, 3249467215, 'USER', 0, 53),
(285, 'Arecio', 'Davis', 'Arecio46', '1983/09/25', 'Tarawa', 'ArecioIñago@EMAIL.COM', 9014, 3017234595, 'USER', 0, 64),
(286, 'Arnie', 'Ken', 'Arnie28', '1998/10/26', 'Conakri', 'ArnieSeverino@EMAIL.COM', 9993, 3071512260, 'USER', 0, 71),
(287, 'Agapito', 'Birch', 'Agapito93', '1994/12/18', 'Nicosia', 'AgapitoFrancois@EMAIL.COM', 3333, 3167531054, 'USER', 0, 17),
(288, 'Nikolay', 'Ultman', 'Nikolay75', '1989/10/18', 'Nom Pen', 'NikolayJonathan@EMAIL.COM', 9145, 3171279224, 'USER', 0, 58),
(289, 'Merlín', 'Trenton', 'Merlín67', '1990/07/05', 'Saint John', 'MerlínBaptiste@EMAIL.COM', 2673, 3217127559, 'USER', 0, 19),
(290, 'Decio', 'Arabia', 'Decio54', '2006/04/17', 'Zagreb', 'DecioPercy@EMAIL.COM', 6705, 3090675598, 'USER', 0, 74),
(291, 'Satoshi', 'Barry', 'Satoshi78', '1988/10/26', 'Yakarta', 'SatoshiReginaldo@EMAIL.COM', 2797, 3283106172, 'USER', 0, 48),
(292, 'Jude', 'Tarek', 'Jude58', '2005/11/07', 'Port Vila', 'JudeAndrónico@EMAIL.COM', 6450, 3267914241, 'USER', 0, 68),
(293, 'Fulberto', 'Carlos', 'Fulberto37', '1976/08/03', 'Bogotá', 'FulbertoEustorgio@EMAIL.COM', 7003, 3147043388, 'USER', 0, 5),
(294, 'Mirocles', 'Ho', 'Mirocles74', '1982/03/21', 'Pristina', 'MiroclesAnfion@EMAIL.COM', 6443, 3287637300, 'USER', 0, 73),
(295, 'Aureliano', 'Amando', 'Aureliano60', '2003/09/01', 'Budapest', 'AurelianoManolo@EMAIL.COM', 2781, 3224302206, 'USER', 0, 14),
(296, 'Timin', 'Colombo', 'Timin29', '1990/10/08', 'Sofía', 'TiminMychal@EMAIL.COM', 9116, 3297076826, 'USER', 0, 24),
(297, 'Batista', 'Peverell', 'Batista19', '1999/06/05', 'Niamey', 'BatistaLorne@EMAIL.COM', 8019, 3179111946, 'USER', 0, 27),
(298, 'Kiernan', 'Rhys', 'Kiernan23', '1994/03/19', 'Lilongüe', 'KiernanTupac@EMAIL.COM', 4369, 3003899837, 'USER', 0, 73),
(299, 'Sostenes', 'Yadir', 'Sostenes89', '1986/11/21', 'Bamako', 'SostenesAsem@EMAIL.COM', 9291, 3093366117, 'USER', 0, 65),
(300, 'Onésimo', 'Roman', 'Onésimo64', '2001/02/08', 'Viena', 'OnésimoItalo@EMAIL.COM', 3384, 3001493561, 'USER', 0, 65),
(301, 'Enuel', 'Román', 'Enuel43', '1984/07/02', 'Saná', 'EnuelXimen@EMAIL.COM', 2545, 3087541977, 'USER', 0, 19),
(302, 'Pallas', 'Memo', 'Pallas36', '1994/09/24', 'Pionyang', 'PallasMayron@EMAIL.COM', 2392, 3229402023, 'USER', 0, 66),
(303, 'Prospero', 'Alexeev', 'Prospero30', '1992/02/25', 'Uagadugú', 'ProsperoLandry@EMAIL.COM', 2173, 3276105311, 'USER', 0, 18),
(304, 'Bretanion', 'Kekipi', 'Bretanion85', '2004/06/22', 'Yamena', 'BretanionDiomid@EMAIL.COM', 4461, 3223883799, 'USER', 0, 37),
(305, 'Reed', 'Artaldo', 'Reed62', '2001/02/04', 'Minsk', 'ReedKelman@EMAIL.COM', 4134, 3240163603, 'USER', 0, 25),
(306, 'Eliécer', 'Luchino', 'Eliécer53', '1978/01/07', 'Nukualofa', 'EliécerChalon@EMAIL.COM', 5549, 3057851122, 'USER', 0, 11),
(307, 'Pin', 'Rudesindo', 'Pin57', '1984/05/22', 'Ereván', 'PinNaoko@EMAIL.COM', 6838, 3241904020, 'USER', 0, 6),
(308, 'Jotham', 'Policronio', 'Jotham98', '1998/02/26', 'Luanda', 'JothamEuclides@EMAIL.COM', 6419, 3116449042, 'USER', 0, 15),
(309, 'Ye Chan', 'Dióscoro', 'Ye Chan63', '2000/09/20', 'Kinsasa', 'Ye ChanPado@EMAIL.COM', 2022, 3148882837, 'USER', 0, 16),
(310, 'Fisk', 'Barula', 'Fisk92', '1995/10/01', 'Nueva Delhi', 'FiskClint@EMAIL.COM', 5420, 3283479492, 'USER', 0, 51),
(311, 'Rei Rugulus', 'Salvino', 'Rei Rugulus46', '1984/10/29', 'Taipéi', 'Rei RugulusLeandro@EMAIL.COM', 5077, 3008207528, 'USER', 0, 71),
(312, 'Galeno', 'Lockhart', 'Galeno18', '1998/06/14', 'Castries', 'GalenoGiancarlo@EMAIL.COM', 9426, 3049696657, 'USER', 0, 23),
(313, 'Douglas', 'Hildebrando', 'Douglas77', '2005/05/18', 'Puerto España', 'DouglasHarith@EMAIL.COM', 4139, 3089028778, 'USER', 0, 27),
(314, 'Druso', 'Townley', 'Druso75', '1977/11/01', 'Vilna', 'DrusoJarno@EMAIL.COM', 9868, 3261427326, 'USER', 0, 59),
(315, 'Santos', 'Ursion', 'Santos22', '1991/08/04', 'Apia', 'SantosFrancisco De Paula@EMAIL.COM', 2196, 3294822338, 'USER', 0, 65),
(316, 'Goverty', 'Eumenio', 'Goverty11', '1984/10/02', 'Thimphu', 'GovertyNelio@EMAIL.COM', 7970, 3292564622, 'USER', 0, 68),
(317, 'Yafar', 'Buck', 'Yafar51', '1989/02/26', 'Tegucigalpa', 'YafarNabucodonosor@EMAIL.COM', 7658, 3280342942, 'USER', 0, 11),
(318, 'Servo', 'Aproniano', 'Servo44', '1985/12/20', 'Bangkok', 'ServoSyed@EMAIL.COM', 2989, 3061209399, 'USER', 0, 5),
(319, 'Nolan', 'Pinito', 'Nolan95', '2002/05/10', 'Vaticano', 'NolanMizzio@EMAIL.COM', 4496, 3047097946, 'USER', 0, 46),
(320, 'Origenes', 'Cleveland', 'Origenes22', '1996/07/03', 'Londres', 'OrigenesNelo@EMAIL.COM', 1939, 3292888551, 'USER', 0, 48),
(321, 'Lupo', 'Melquisedec', 'Lupo77', '1997/09/05', 'Lima', 'LupoAroncio@EMAIL.COM', 4335, 3204063434, 'USER', 0, 36),
(322, 'Masahiro', 'Khalil', 'Masahiro54', '1995/03/01', 'Puerto Moresby', 'MasahiroAlosnos@EMAIL.COM', 3867, 3134083661, 'USER', 0, 20),
(323, 'Isachar', 'Leucio', 'Isachar73', '1992/10/14', 'Naipyidó', 'IsacharOdeberto@EMAIL.COM', 5198, 3071846864, 'USER', 0, 33),
(324, 'Tyson', 'Benedicta', 'Tyson93', '1996/03/14', 'Atenas', 'TysonEvelio@EMAIL.COM', 5651, 3184665821, 'USER', 0, 22),
(325, 'Frigidiano', 'Rutilio', 'Frigidiano40', '1996/01/16', 'Tirana', 'FrigidianoPipino@EMAIL.COM', 4761, 3096701693, 'USER', 0, 73),
(326, 'Timin', 'Erol', 'Timin59', '1998/12/20', 'Túnez', 'TiminAristón@EMAIL.COM', 7583, 3173371117, 'USER', 0, 20),
(327, 'Houston', 'Shaqueel', 'Houston91', '2000/09/24', 'Varsovia', 'HoustonSharif@EMAIL.COM', 4711, 3246563721, 'USER', 0, 76),
(328, 'Macaulay', 'Allan', 'Macaulay71', '1978/08/08', 'Bagdad', 'MacaulayEmerio@EMAIL.COM', 6510, 3157513412, 'USER', 0, 43),
(329, 'Garwood', 'Chale', 'Garwood64', '1986/07/15', 'Liubliana', 'GarwoodEadoin@EMAIL.COM', 1662, 3061520871, 'USER', 0, 34),
(330, 'Acepimas', 'Ignacio', 'Acepimas30', '1991/09/29', 'Riga', 'AcepimasMacallister@EMAIL.COM', 9965, 3173820272, 'USER', 0, 40),
(331, 'Domiciano', 'Jinsok', 'Domiciano13', '1983/11/06', 'Andorra la Vieja', 'DomicianoServando@EMAIL.COM', 8024, 3275522720, 'USER', 0, 65),
(332, 'Sylvester', 'Nazael', 'Sylvester43', '1993/05/12', 'Yibuti', 'SylvesterPeverell@EMAIL.COM', 9425, 3224346652, 'USER', 0, 34),
(333, 'Antenor', 'Curtis', 'Antenor34', '1988/07/09', 'Dublín', 'AntenorHortencio@EMAIL.COM', 1127, 3150955507, 'USER', 0, 11),
(334, 'Daien', 'Vince', 'Daien86', '2003/08/24', 'Caracas', 'DaienBelizario@EMAIL.COM', 5162, 3238125725, 'USER', 0, 60),
(335, 'Dionicio', 'Mahmoud', 'Dionicio39', '1980/10/19', 'Port Vila', 'DionicioCutmano@EMAIL.COM', 3820, 3054219310, 'USER', 0, 56),
(336, 'Jacinto', 'Samson', 'Jacinto64', '1985/11/10', 'Bandar Seri Begawan', 'JacintoNador@EMAIL.COM', 1716, 3176607099, 'USER', 0, 6),
(337, 'Proceso', 'Barden', 'Proceso27', '1976/12/11', 'Port Louis', 'ProcesoTelasco@EMAIL.COM', 2649, 3102716074, 'USER', 0, 40),
(338, 'Yyaron', 'Garabed', 'Yyaron22', '2000/03/18', 'Madrid', 'YyaronSolano@EMAIL.COM', 6396, 3266225670, 'USER', 0, 48),
(339, 'Nikolay', 'Beaumont', 'Nikolay60', '1984/07/16', 'Vaticano', 'NikolayAssur@EMAIL.COM', 3718, 3122512319, 'USER', 0, 71),
(340, 'Minervo', 'Vlad', 'Minervo92', '1977/06/18', 'Canberra', 'MinervoPatric@EMAIL.COM', 8236, 3132698885, 'USER', 0, 29),
(341, 'Acepimas', 'Rolf', 'Acepimas33', '2002/07/18', 'Berlín', 'AcepimasWilfred@EMAIL.COM', 9751, 3008511419, 'USER', 0, 53),
(342, 'Vital', 'Parmenio', 'Vital27', '1977/04/20', 'Thimphu', 'VitalAzadanes@EMAIL.COM', 3826, 3249132073, 'USER', 0, 10),
(343, 'Nadab', 'Columbo', 'Nadab63', '1998/09/23', 'Adís Abeba', 'NadabPrisco@EMAIL.COM', 1801, 3055568805, 'USER', 0, 56),
(344, 'Servando', 'Marceliano', 'Servando64', '1982/03/22', 'Melekeok', 'ServandoPancario@EMAIL.COM', 9531, 3292775035, 'USER', 0, 20),
(345, 'Kiernan', 'Linneo', 'Kiernan97', '1995/09/12', 'Praia', 'KiernanAntón@EMAIL.COM', 5938, 3194393950, 'USER', 0, 55),
(346, 'Enrico', 'Ken', 'Enrico66', '1989/11/28', 'Montevideo', 'EnricoTug@EMAIL.COM', 9249, 3084874398, 'USER', 0, 36),
(347, 'Sener', 'Nandor', 'Sener78', '1988/07/09', 'Saint George', 'SenerMeinrado@EMAIL.COM', 2837, 3273806288, 'USER', 0, 75),
(348, 'Audacto', 'Gelasio', 'Audacto25', '1996/03/13', 'Trípoli', 'AudactoFarrell@EMAIL.COM', 8829, 3197647037, 'USER', 0, 75),
(349, 'Searle', 'Geseon', 'Searle22', '1993/02/20', 'Manama', 'SearleGlen@EMAIL.COM', 1531, 3213290987, 'USER', 0, 44),
(350, 'Aroldo', 'Augurio', 'Aroldo19', '1990/10/06', 'Panamá', 'AroldoBerend@EMAIL.COM', 9616, 3220339231, 'USER', 0, 4),
(351, 'Wapi', 'Nerio', 'Wapi67', '1982/01/06', 'Doha', 'WapiChristopher@EMAIL.COM', 1060, 3249068936, 'USER', 0, 10),
(352, 'Philip', 'Dick', 'Philip38', '1984/12/29', 'Lisboa', 'PhilipTimocrates@EMAIL.COM', 8483, 3298019999, 'USER', 0, 18),
(353, 'Damiano', 'Fridolino', 'Damiano86', '1996/09/22', 'Mónaco', 'DamianoPartemio@EMAIL.COM', 1513, 3035787369, 'USER', 0, 2),
(354, 'Perfecto', 'Galileo', 'Perfecto53', '1997/02/03', 'Antananarivo', 'PerfectoPablo@EMAIL.COM', 1701, 3188940185, 'USER', 0, 34),
(355, 'Reinaldo', 'Maturino', 'Reinaldo32', '2002/02/26', 'Naipyidó', 'ReinaldoNatalio@EMAIL.COM', 8999, 3139250552, 'USER', 0, 71),
(356, 'Gannon', 'Ananias', 'Gannon92', '2002/04/03', 'Yamusukro', 'GannonLarry@EMAIL.COM', 6647, 3071420971, 'USER', 0, 5),
(357, 'Dixon', 'Yucundo', 'Dixon59', '1977/02/03', 'Bangkok', 'DixonBelarmino@EMAIL.COM', 5943, 3015089341, 'USER', 0, 58),
(358, 'Gaspar', 'Matusalen', 'Gaspar90', '2000/10/14', 'Nasáu', 'GasparNayati@EMAIL.COM', 9589, 3006230859, 'USER', 0, 4),
(359, 'Rudd', 'Iggi', 'Rudd10', '1978/10/12', 'Bratislava', 'RuddViken@EMAIL.COM', 1973, 3190553032, 'USER', 0, 6),
(360, 'Caetano', 'Teva', 'Caetano39', '1985/01/23', 'Naipyidó', 'CaetanoRogaciano@EMAIL.COM', 6709, 3207352162, 'USER', 0, 59),
(361, 'Aimon', 'Odon', 'Aimon51', '1993/03/03', 'La Valeta', 'AimonManeto@EMAIL.COM', 9998, 3185286501, 'USER', 0, 16),
(362, 'Odilon', 'Itzjak', 'Odilon42', '1988/10/26', 'Praia', 'OdilonCasandro@EMAIL.COM', 2275, 3298524370, 'USER', 0, 17),
(363, 'Ringo', 'Latimer', 'Ringo30', '1993/11/29', 'Abu Dabi', 'RingoGio@EMAIL.COM', 8117, 3272593270, 'USER', 0, 55),
(364, 'Catrielcelis', 'Berardo', 'Catrielcelis84', '2000/02/09', 'Tirana', 'CatrielcelisCarpo@EMAIL.COM', 3682, 3098635923, 'USER', 0, 51),
(365, 'Decker', 'Vernon', 'Decker31', '1988/04/02', 'Helsinki', 'DeckerDamiro@EMAIL.COM', 5830, 3143264786, 'USER', 0, 10),
(366, 'Epicuro', 'Focio', 'Epicuro84', '1995/02/21', 'Tarawa', 'EpicuroAdrew@EMAIL.COM', 7991, 3143845561, 'USER', 0, 76),
(367, 'Oren', 'Castulo', 'Oren17', '1992/12/25', 'Majuro', 'OrenOzzie@EMAIL.COM', 5916, 3105815900, 'USER', 0, 61),
(368, 'Caedmon', 'Melito', 'Caedmon43', '1984/02/07', 'Luanda', 'CaedmonGunther@EMAIL.COM', 4203, 3221978147, 'USER', 0, 48),
(369, 'Maripí', 'Elmo', 'Maripí63', '2003/06/02', 'Damasco', 'MaripíChalmers@EMAIL.COM', 4547, 3198323585, 'USER', 0, 56),
(370, 'Geremias', 'Mahesa', 'Geremias98', '2001/08/13', 'Madrid', 'GeremiasAdulfo@EMAIL.COM', 7263, 3031221440, 'USER', 0, 4),
(371, 'Pitias', 'Gadiel', 'Pitias28', '1992/03/15', 'Viena', 'PitiasFebo@EMAIL.COM', 8553, 3202378922, 'USER', 0, 56),
(372, 'Nostriano', 'Miroslav', 'Nostriano34', '2004/12/20', 'Singapur', 'NostrianoAzadanes@EMAIL.COM', 4508, 3142419236, 'USER', 0, 62),
(373, 'Raniero', 'Herschel', 'Raniero72', '1987/08/28', 'Pekín', 'RanieroYoel@EMAIL.COM', 4117, 3260850603, 'USER', 0, 56),
(374, 'Jeuel', 'Jovino', 'Jeuel97', '1979/06/13', 'Montevideo', 'JeuelSileno@EMAIL.COM', 8595, 3100543578, 'USER', 0, 47),
(375, 'Staquis', 'Alkos', 'Staquis83', '2005/04/11', 'Managua', 'StaquisParamesh@EMAIL.COM', 3793, 3252093647, 'USER', 0, 60),
(376, 'Crosby', 'Hernan', 'Crosby40', '1992/04/28', 'Skopie', 'CrosbyHaines@EMAIL.COM', 2174, 3245665109, 'USER', 0, 5),
(377, 'Termes', 'Nazzareno', 'Termes55', '1997/06/10', 'Nueva Delhi', 'TermesAron Aaron@EMAIL.COM', 5994, 3180867118, 'USER', 0, 42),
(378, 'Pierino', 'Karl', 'Pierino55', '1982/02/12', 'Singapur', 'PierinoHolden@EMAIL.COM', 9463, 3244341439, 'USER', 0, 34),
(379, 'Pomponio', 'Vidal', 'Pomponio37', '1998/05/22', 'Atenas', 'PomponioSeptimo@EMAIL.COM', 5951, 3086673596, 'USER', 0, 2),
(380, 'Yuichi', 'Adonay', 'Yuichi57', '1978/02/22', 'Berlín', 'YuichiKiliano@EMAIL.COM', 9295, 3165385102, 'USER', 0, 67),
(381, 'Beraldo', 'Trason', 'Beraldo50', '2005/09/01', 'Libreville', 'BeraldoBelerofonte@EMAIL.COM', 5537, 3169547423, 'USER', 0, 31),
(382, 'Ferrucio', 'Prosdocimo', 'Ferrucio50', '1987/11/08', 'Jerusalén', 'FerrucioSisinio@EMAIL.COM', 5244, 3199392071, 'USER', 0, 3),
(383, 'Privato', 'Filipe', 'Privato46', '1990/06/19', 'Riga', 'PrivatoQuintilo@EMAIL.COM', 9686, 3111549543, 'USER', 0, 2),
(384, 'Iaacob', 'Timothy', 'Iaacob40', '1993/09/28', 'Kuwait City', 'IaacobYaser@EMAIL.COM', 6709, 3054107578, 'USER', 0, 54),
(385, 'Candelario', 'Asalf', 'Candelario47', '1977/07/23', 'Andorra la Vieja', 'CandelarioTroy@EMAIL.COM', 7296, 3040701943, 'USER', 0, 38),
(386, 'Tab', 'Sisenando', 'Tab86', '1998/12/03', 'Bogotá', 'TabGarabed@EMAIL.COM', 4778, 3023553191, 'USER', 0, 16),
(387, 'Luchino', 'Abalen', 'Luchino16', '1980/04/23', 'Jartum', 'LuchinoDonardo@EMAIL.COM', 5662, 3029778602, 'USER', 0, 32),
(388, 'Edelberto', 'Optato', 'Edelberto48', '1981/01/28', 'Brasilia', 'EdelbertoConstantijn@EMAIL.COM', 2400, 3126801324, 'USER', 0, 12),
(389, 'Severiano', 'Darshan', 'Severiano79', '1986/07/28', 'Puerto Moresby', 'SeverianoLord@EMAIL.COM', 5756, 3132367746, 'USER', 0, 5),
(390, 'Mick', 'Nayib', 'Mick70', '2004/02/06', 'Caracas', 'MickZhanasis@EMAIL.COM', 4066, 3250164143, 'USER', 0, 27),
(391, 'Gareth', 'Solemnio', 'Gareth25', '2000/11/19', 'Riad', 'GarethDalan@EMAIL.COM', 6337, 3087475590, 'USER', 0, 18),
(392, 'Ayul', 'Clodoveo', 'Ayul26', '1992/01/25', 'Kingston', 'AyulFirneo@EMAIL.COM', 9979, 3043000969, 'USER', 0, 56),
(393, 'Maruan', 'Escipion', 'Maruan98', '1995/06/06', 'Amán', 'MaruanAbran@EMAIL.COM', 7901, 3206738804, 'USER', 0, 35),
(394, 'Eliezer', 'Ferdinando', 'Eliezer41', '2003/04/23', 'Guatemala', 'EliezerPaulo@EMAIL.COM', 6676, 3132893058, 'USER', 0, 61),
(395, 'Cromacio', 'Tito Livio', 'Cromacio65', '1976/05/22', 'Vaticano', 'CromacioSheffield@EMAIL.COM', 1898, 3253932498, 'USER', 0, 15),
(396, 'Maturo', 'Adriel', 'Maturo22', '1998/09/21', 'Lisboa', 'MaturoJuanse@EMAIL.COM', 4646, 3189951172, 'USER', 0, 14),
(397, 'Bonoso', 'Huáscar', 'Bonoso67', '1993/05/15', 'Bamako', 'BonosoYarin@EMAIL.COM', 6005, 3064959780, 'USER', 0, 33),
(398, 'Auricio', 'Ivar', 'Auricio47', '1985/01/04', 'Victoria', 'AuricioViktor Marat@EMAIL.COM', 9579, 3167691112, 'USER', 0, 34),
(399, 'Gregor', 'Sonacio', 'Gregor19', '1986/02/24', 'Jerusalén Este', 'GregorCalian@EMAIL.COM', 1081, 3025533544, 'USER', 0, 50),
(400, 'Uzias', 'Selím', 'Uzias44', '2000/12/29', 'Yakarta', 'UziasHermogio@EMAIL.COM', 8441, 3109968096, 'USER', 0, 15),
(401, 'Thai', 'Aroldo', 'Thai11', '1999/01/02', 'Santo Domingo', 'ThaiPlacido@EMAIL.COM', 9814, 3121023910, 'USER', 0, 36),
(402, 'Danimiro', 'Raidon', 'Danimiro89', '1992/04/25', 'Canberra', 'DanimiroAgatopodo@EMAIL.COM', 2082, 3133534069, 'USER', 0, 22),
(403, 'Aramis', 'Nehemias', 'Aramis21', '1990/06/05', 'Minsk', 'AramisMick@EMAIL.COM', 4868, 3181311335, 'USER', 0, 60),
(404, 'Josemir', 'Aubino', 'Josemir88', '1981/01/01', 'Saint John', 'JosemirVartán@EMAIL.COM', 2447, 3187910392, 'USER', 0, 20),
(405, 'Serapion', 'Mati', 'Serapion45', '2000/01/17', 'Brasilia', 'SerapionTom@EMAIL.COM', 9142, 3200190582, 'USER', 0, 43),
(406, 'Kenyi', 'Caledonio', 'Kenyi56', '1995/10/08', 'Vientián', 'KenyiMelik@EMAIL.COM', 3373, 3243497407, 'USER', 0, 56),
(407, 'Calimerio', 'Ernest', 'Calimerio30', '1987/03/16', 'Dodoma', 'CalimerioGary@EMAIL.COM', 2926, 3090066782, 'USER', 0, 5),
(408, 'Dutch', 'Polinice', 'Dutch43', '1978/06/02', 'San Salvador', 'DutchEfrigenio@EMAIL.COM', 4768, 3151703419, 'USER', 0, 59),
(409, 'Sturno', 'Santino', 'Sturno82', '1999/06/09', 'Belgrado', 'SturnoAser@EMAIL.COM', 6560, 3283280259, 'USER', 0, 45),
(410, 'Fabrizio', 'Dagan', 'Fabrizio27', '2001/02/28', 'Lusaka', 'FabrizioMiyén@EMAIL.COM', 2044, 3059238029, 'USER', 0, 5),
(411, 'Severo', 'Jordan', 'Severo32', '1993/09/06', 'Singapur', 'SeveroHernardo@EMAIL.COM', 3849, 3038349145, 'USER', 0, 50),
(412, 'Eberardo', 'Loic', 'Eberardo26', '2003/08/24', 'Túnez', 'EberardoLambert@EMAIL.COM', 2466, 3112411086, 'USER', 0, 56),
(413, 'Luther', 'Patamon', 'Luther15', '1987/03/24', 'Asjabad', 'LutherEgidio@EMAIL.COM', 5151, 3149945975, 'USER', 0, 72),
(414, 'Garrick', 'Estefano', 'Garrick28', '1986/07/22', 'Taipéi', 'GarrickArador@EMAIL.COM', 9128, 3270062156, 'USER', 0, 44),
(415, 'Cristo', 'Xerxes', 'Cristo69', '1995/01/14', 'Basseterre', 'CristoMadox@EMAIL.COM', 4629, 3225001107, 'USER', 0, 73),
(416, 'Breogan', 'Roger', 'Breogan52', '1978/03/22', 'Gaborone', 'BreoganSenco@EMAIL.COM', 5598, 3162871971, 'USER', 0, 51),
(417, 'Vance', 'Patton', 'Vance44', '1981/02/10', 'Minsk', 'VanceSaid@EMAIL.COM', 3922, 3248494665, 'USER', 0, 43),
(418, 'Electo', 'Anis', 'Electo67', '1978/07/18', 'Washington D. C.', 'ElectoElijah@EMAIL.COM', 8034, 3026839243, 'USER', 0, 24),
(419, 'Alaric', 'Harry', 'Alaric51', '1984/01/03', 'Maseru', 'AlaricMiel Rocio@EMAIL.COM', 2023, 3005431085, 'USER', 0, 60),
(420, 'Adil', 'Optaciano', 'Adil46', '1998/05/24', 'Argel', 'AdilBalint@EMAIL.COM', 3898, 3241605257, 'USER', 0, 35),
(421, 'Tiago', 'Jeremy', 'Tiago88', '1998/11/10', 'Pretoria', 'TiagoTrent@EMAIL.COM', 3663, 3107852471, 'USER', 0, 76),
(422, 'Favio', 'Andrew', 'Favio75', '2004/08/02', 'Belmopán', 'FavioEdipo@EMAIL.COM', 1278, 3169630141, 'USER', 0, 4),
(423, 'Pelino', 'Martino', 'Pelino50', '1985/04/14', 'Bakú', 'PelinoMurad@EMAIL.COM', 5945, 3116529341, 'USER', 0, 76),
(424, 'Gibson', 'Seyithan', 'Gibson43', '1996/07/09', 'Lisboa', 'GibsonRufil@EMAIL.COM', 2898, 3196797274, 'USER', 0, 21),
(425, 'Farnacio', 'Cástulo', 'Farnacio52', '1993/12/14', 'Honiara', 'FarnacioAgop@EMAIL.COM', 8059, 3205879693, 'USER', 0, 59),
(426, 'Pacifico', 'Carlomagno', 'Pacifico79', '1996/08/16', 'Bisáu', 'PacificoGram@EMAIL.COM', 8765, 3065165907, 'USER', 0, 38),
(427, 'Dael', 'Geroldo', 'Dael71', '1982/11/07', 'Nicosia', 'DaelPausidio@EMAIL.COM', 8877, 3140634803, 'USER', 0, 5),
(428, 'Charif', 'Mussa', 'Charif90', '1977/10/20', 'Panamá', 'CharifElvio@EMAIL.COM', 2049, 3231818400, 'USER', 0, 13),
(429, 'Viggo', 'Donaldo', 'Viggo29', '1988/02/24', 'Singapur', 'ViggoOtilio@EMAIL.COM', 7565, 3278269092, 'USER', 0, 38),
(430, 'Elazar', 'Mati', 'Elazar13', '1983/11/19', 'Oslo', 'ElazarIxtebe@EMAIL.COM', 8717, 3157227777, 'USER', 0, 43),
(431, 'Ulysses', 'Barbelo', 'Ulysses63', '2001/03/22', 'Lilongüe', 'UlyssesBirtle@EMAIL.COM', 6365, 3298407376, 'USER', 0, 39),
(432, 'Eloy', 'Biviano', 'Eloy10', '2004/03/25', 'Victoria', 'EloyCelin@EMAIL.COM', 6722, 3088200366, 'USER', 0, 63),
(433, 'Jerolin', 'Yuichi', 'Jerolin13', '1976/04/10', 'Sri Jayawardenapura Kotte', 'JerolinJordi@EMAIL.COM', 2615, 3043403700, 'USER', 0, 7),
(434, 'Aman', 'Lupo', 'Aman24', '2001/10/25', 'Asunción', 'AmanVianney@EMAIL.COM', 9304, 3183491506, 'USER', 0, 40),
(435, 'Erich', 'Tzuriel', 'Erich31', '1998/09/04', 'Kiev', 'ErichMagnerico@EMAIL.COM', 5653, 3015783252, 'USER', 0, 35),
(436, 'Remes', 'Mardo', 'Remes75', '2004/08/20', 'Mónaco', 'RemesJon@EMAIL.COM', 9343, 3091406970, 'USER', 0, 16),
(437, 'Eulalio', 'Vadim', 'Eulalio43', '1992/06/18', 'Buyumbura', 'EulalioIdaho@EMAIL.COM', 4260, 3266069664, 'USER', 0, 2),
(438, 'Fabriciano', 'Pastor', 'Fabriciano41', '1995/12/19', 'Taskent', 'FabricianoIon@EMAIL.COM', 8471, 3298572856, 'USER', 0, 23),
(439, 'Adolph', 'Félix', 'Adolph77', '2002/11/10', 'Copenhague', 'AdolphAgripa@EMAIL.COM', 4787, 3199253475, 'USER', 0, 71),
(440, 'Corrado', 'Masalvio', 'Corrado46', '2003/02/27', 'Ulán Bator', 'CorradoIngmar@EMAIL.COM', 2271, 3054349066, 'USER', 0, 41),
(441, 'Allen', 'Meinrado', 'Allen95', '1993/03/14', 'Uagadugú', 'AllenObed@EMAIL.COM', 3982, 3213981873, 'USER', 0, 11),
(442, 'Policromio', 'Jabari', 'Policromio48', '1997/06/23', 'Daca', 'PolicromioHidulfo@EMAIL.COM', 7183, 3215343007, 'USER', 0, 8),
(443, 'Platonides', 'Troyano', 'Platonides81', '1979/01/16', 'Rabat', 'PlatonidesBailey@EMAIL.COM', 6880, 3134383709, 'USER', 0, 52),
(444, 'Tourion', 'Stamos', 'Tourion61', '2000/01/12', 'Buyumbura', 'TourionErnest@EMAIL.COM', 8855, 3108159029, 'USER', 0, 7),
(445, 'Aleksan', 'Tymon', 'Aleksan66', '1979/03/19', 'Kinsasa', 'AleksanErrol@EMAIL.COM', 6107, 3254600959, 'USER', 0, 45),
(446, 'Adonis', 'Eusterio', 'Adonis71', '1980/09/26', 'Helsinki', 'AdonisUlric@EMAIL.COM', 4915, 3187068434, 'USER', 0, 51),
(447, 'Olivier', 'Pehuen', 'Olivier50', '1994/08/11', 'Uagadugú', 'OlivierSecundino@EMAIL.COM', 2515, 3109125277, 'USER', 0, 55),
(448, 'Arndt', 'Pierre', 'Arndt58', '1976/07/26', 'Bangui', 'ArndtPierson@EMAIL.COM', 9467, 3275725645, 'USER', 0, 55),
(449, 'Kirby', 'Aristides', 'Kirby43', '1978/01/24', 'Brazzaville', 'KirbyLicinio@EMAIL.COM', 4262, 3007045392, 'USER', 0, 64),
(450, 'Juma', 'Tibalt', 'Juma52', '1999/07/04', 'Santo Domingo', 'JumaEzekiel@EMAIL.COM', 9752, 3163271299, 'USER', 0, 73),
(451, 'Romualdo', 'Pansalino', 'Romualdo49', '1999/01/24', 'Mascate', 'RomualdoSaul@EMAIL.COM', 1460, 3086236918, 'USER', 0, 8),
(452, 'Naeem', 'Publio', 'Naeem35', '1987/05/26', 'Bratislava', 'NaeemAkari@EMAIL.COM', 6066, 3108801055, 'USER', 0, 19),
(453, 'Ventura', 'Iggi', 'Ventura35', '2004/08/05', 'Túnez', 'VenturaSigisbaldo@EMAIL.COM', 2585, 3100998207, 'USER', 0, 70),
(454, 'Athos', 'Azize', 'Athos28', '1994/11/17', 'Minsk', 'AthosHernán@EMAIL.COM', 8052, 3094204082, 'USER', 0, 57),
(455, 'Nen', 'Lupicino', 'Nen33', '1984/08/04', 'Sofía', 'NenDuncan@EMAIL.COM', 5714, 3026850298, 'USER', 0, 62),
(456, 'Mansueto', 'Iván', 'Mansueto55', '1997/08/18', 'Argel', 'MansuetoFraterno@EMAIL.COM', 7795, 3085929696, 'USER', 0, 5),
(457, 'Tulio', 'Vahid Reza', 'Tulio97', '1991/03/21', 'Caracas', 'TulioNapoleón@EMAIL.COM', 2563, 3055923952, 'USER', 0, 17),
(458, 'Pelusio', 'Ezequiel', 'Pelusio95', '2002/11/10', 'Tallin', 'PelusioCayetano@EMAIL.COM', 3737, 3254173878, 'USER', 0, 51),
(459, 'Acilino', 'Eneo', 'Acilino59', '1991/07/04', 'Mbabane', 'AcilinoBraden@EMAIL.COM', 2616, 3152410154, 'USER', 0, 40),
(460, 'Rayburn', 'Berko', 'Rayburn16', '1981/05/02', 'Podgorica', 'RayburnEspolono@EMAIL.COM', 9680, 3222298034, 'USER', 0, 16),
(461, 'Fortunato', 'Apro', 'Fortunato66', '1987/03/24', 'Damasco', 'FortunatoDato@EMAIL.COM', 2595, 3156740889, 'USER', 0, 17),
(462, 'Valero', 'Illampu', 'Valero34', '2004/03/13', 'Trípoli', 'ValeroConlan@EMAIL.COM', 4046, 3176696637, 'USER', 0, 15),
(463, 'Milo', 'Roger', 'Milo44', '1992/08/06', 'Praia', 'MiloModoaldo@EMAIL.COM', 8807, 3048015967, 'USER', 0, 4),
(464, 'Conceso', 'Platonides', 'Conceso40', '2001/07/12', 'Lusaka', 'ConcesoToft@EMAIL.COM', 3496, 3295298988, 'USER', 0, 7),
(465, 'Shair', 'Keli', 'Shair82', '1993/09/25', 'Ulán Bator', 'ShairThirza@EMAIL.COM', 4748, 3019381455, 'USER', 0, 69),
(466, 'Steve', 'Lincoln', 'Steve98', '1986/09/23', 'Asjabad', 'SteveKedar@EMAIL.COM', 6861, 3239568269, 'USER', 0, 8),
(467, 'Sarngin', 'Boecio', 'Sarngin55', '1995/07/11', 'Kinsasa', 'SarnginMirko@EMAIL.COM', 1771, 3150649933, 'USER', 0, 63),
(468, 'Brentan', 'Waskar', 'Brentan24', '2001/04/08', 'Brasilia', 'BrentanSein@EMAIL.COM', 2072, 3051412138, 'USER', 0, 46),
(469, 'Beranger', 'Rito', 'Beranger72', '1992/11/05', 'Kigali', 'BerangerDionel@EMAIL.COM', 7879, 3289987006, 'USER', 0, 60),
(470, 'Autonomo', 'Annuar', 'Autonomo39', '1999/11/07', 'Praga', 'AutonomoOdin@EMAIL.COM', 4584, 3289746631, 'USER', 0, 63),
(471, 'Aderito', 'Crispulo', 'Aderito54', '2000/09/07', 'Bakú', 'AderitoPancario@EMAIL.COM', 1794, 3199123373, 'USER', 0, 16),
(472, 'Evergisto', 'Waverly', 'Evergisto51', '1987/12/08', 'La Valeta', 'EvergistoAlderico@EMAIL.COM', 4230, 3163256829, 'USER', 0, 11),
(473, 'Oakley', 'Rodman', 'Oakley77', '2000/12/01', 'Uagadugú', 'OakleyMetelo@EMAIL.COM', 5575, 3117533813, 'USER', 0, 8),
(474, 'Yocer', 'Liang', 'Yocer15', '1985/02/08', 'Victoria', 'YocerCaitanya@EMAIL.COM', 9842, 3296769226, 'USER', 0, 53),
(475, 'Dimitri', 'Bernavé', 'Dimitri61', '2000/05/04', 'Brasilia', 'DimitriFrancisco@EMAIL.COM', 9997, 3221711905, 'USER', 0, 36),
(476, 'Notkero', 'Ulrich', 'Notkero46', '1993/11/23', 'Vaticano', 'NotkeroGualberto@EMAIL.COM', 3511, 3223979816, 'USER', 0, 64),
(477, 'Gresham', 'Acdeel', 'Gresham25', '1997/05/29', 'Yamena', 'GreshamIuri@EMAIL.COM', 1932, 3031638982, 'USER', 0, 56),
(478, 'Yaco', 'Eustoquio', 'Yaco56', '1988/03/12', 'Antananarivo', 'YacoNickolas@EMAIL.COM', 8417, 3071411363, 'USER', 0, 64),
(479, 'Dobry', 'Aiosha', 'Dobry93', '1983/07/13', 'Windhoek', 'DobryClifford@EMAIL.COM', 8241, 3262531930, 'USER', 0, 30),
(480, 'Andreolo', 'Neofito', 'Andreolo95', '1989/11/02', 'Nom Pen', 'AndreoloFoster@EMAIL.COM', 1879, 3060691080, 'USER', 0, 74),
(481, 'Leopoldo', 'Floreal', 'Leopoldo87', '1997/08/05', 'Nairobi', 'LeopoldoFriedrich@EMAIL.COM', 3773, 3000948762, 'USER', 0, 15),
(482, 'Arrigo', 'Assur', 'Arrigo48', '1982/12/04', 'Manama', 'ArrigoAinslie@EMAIL.COM', 3200, 3268521678, 'USER', 0, 18),
(483, 'Ihor', 'Leto', 'Ihor36', '1987/03/28', 'Dusambé', 'IhorMandek@EMAIL.COM', 5925, 3143407539, 'USER', 0, 58),
(484, 'Nestorio', 'Nehemiah', 'Nestorio42', '1978/12/11', 'Santo Domingo', 'NestorioYannick@EMAIL.COM', 5568, 3278133213, 'USER', 0, 69),
(485, 'Dane', 'Mordejai', 'Dane48', '1995/05/13', 'Maseru', 'DaneRuskin@EMAIL.COM', 7687, 3243944982, 'USER', 0, 27),
(486, 'Sixto', 'Wenzel', 'Sixto76', '1995/12/08', 'Jerusalén Este', 'SixtoAlder@EMAIL.COM', 8497, 3172882019, 'USER', 0, 73),
(487, 'Etelberto', 'Pierino', 'Etelberto68', '1991/02/27', 'Tiflis', 'EtelbertoPitias@EMAIL.COM', 7677, 3073387155, 'USER', 0, 61),
(488, 'Azael', 'Esculapio', 'Azael87', '2000/10/27', 'Budapest', 'AzaelLysander@EMAIL.COM', 3297, 3095660127, 'USER', 0, 61),
(489, 'Chander', 'Murray', 'Chander12', '2005/08/28', 'Asjabad', 'ChanderCalinico@EMAIL.COM', 2354, 3106754886, 'USER', 0, 20),
(490, 'Seth', 'Chal', 'Seth36', '1984/11/03', 'Vilna', 'SethLumumba@EMAIL.COM', 8793, 3042601073, 'USER', 0, 56),
(491, 'Yamil', 'Colombino', 'Yamil44', '1981/02/26', 'Bakú', 'YamilThurston@EMAIL.COM', 7261, 3081223342, 'USER', 0, 63),
(492, 'Oleg', 'Herodoto', 'Oleg29', '1988/12/29', 'Funafuti', 'OlegLatino@EMAIL.COM', 8712, 3261442557, 'USER', 0, 59),
(493, 'Panfilo', 'Hardouino', 'Panfilo42', '1990/09/10', 'Antananarivo', 'PanfiloGabe@EMAIL.COM', 1984, 3054227753, 'USER', 0, 29),
(494, 'Jorell', 'Efrigenio', 'Jorell42', '1986/09/28', 'Bruselas', 'JorellYadira@EMAIL.COM', 8438, 3162520834, 'USER', 0, 48),
(495, 'Ajani', 'Stanislawa', 'Ajani94', '1981/05/07', 'Tiflis', 'AjaniAsbed@EMAIL.COM', 5468, 3273834528, 'USER', 0, 33),
(496, 'Teodosio', 'Reese', 'Teodosio89', '1978/04/08', 'Mbabane', 'TeodosioNelso@EMAIL.COM', 3242, 3095657956, 'USER', 0, 40),
(497, 'Kasib', 'Shaul', 'Kasib56', '1995/08/13', 'Berlín', 'KasibBarclay@EMAIL.COM', 7977, 3141830837, 'USER', 0, 28),
(498, 'Bernwardo', 'Agatonico', 'Bernwardo99', '2000/01/25', 'Libreville', 'BernwardoJustin@EMAIL.COM', 7095, 3015568947, 'USER', 0, 24),
(499, 'Iedidia', 'Damian', 'Iedidia18', '1998/08/07', 'Nasáu', 'IedidiaBrencis@EMAIL.COM', 1504, 3243766222, 'USER', 0, 30),
(500, 'Eutrapio', 'Isaul', 'Eutrapio13', '2003/04/19', 'Bangkok', 'EutrapioMedardo@EMAIL.COM', 8466, 3066280923, 'USER', 0, 46);
insert into Game (GameId, GameName, GameServer) values
(1, 'World of Warcraft', 'latino america'),
(2, 'DOTA 2', 'latino america'),
(3, 'World of Tanks', 'latino america'),
(4, 'Team Fortress 2', 'latino america'),
(5, 'Eve Online', 'latino america'),
(6, 'Worms Reloaded', 'latino america'),
(7, 'StarCraft II', 'latino america'),
(8, 'Counter-Strike: Global Offensive', 'latino america'),
(9, 'Guild Wars 2', 'latino america'),
(10, 'League of Legends', 'latino america'),
(11, 'Paladins', 'latino america'),
(12, 'Overwatch ', 'latino america');
insert into Pc (PcId, PcIp, PcStatus, PcActive, PcUnactive) values
(1, '127.0.0.127', 'ocupada', 0, 0),
(2, '127.0.0.128', 'libre', 0, 0),
(3, '127.0.0.129', 'ocupada', 0, 0),
(4, '127.0.0.130', 'libre', 0, 0),
(5, '127.0.0.131', 'ocupada', 0, 0),
(6, '127.0.0.132', 'libre', 0, 0),
(7, '127.0.0.133', 'ocupada', 0, 0),
(8, '127.0.0.134', 'libre', 0, 0),
(9, '127.0.0.135', 'ocupada', 0, 0),
(10, '127.0.0.136', 'libre', 0, 0),
(11, '127.0.0.137', 'ocupada', 0, 0),
(12, '127.0.0.138', 'libre', 0, 0),
(13, '127.0.0.139', 'ocupada', 0, 0),
(14, '127.0.0.140', 'libre', 0, 0),
(15, '127.0.0.141', 'ocupada', 0, 0),
(16, '127.0.0.142', 'libre', 0, 0),
(17, '127.0.0.143', 'ocupada', 0, 0),
(18, '127.0.0.144', 'libre', 0, 0),
(19, '127.0.0.145', 'ocupada', 0, 0);
insert into course (CourseId, CourseName, CourseClass, CoursePrice, GameId) values
(1, 'BASICO', 4, 12000, 10),
(2, 'MMR', 4, 12000, 10),
(3, 'FARM TIMING', 4, 12000, 10),
(4, 'JUNGLA TIMING', 4, 12000, 10),
(5, 'GA'NK/COUNTER GANK', 4, 12000, 10),
(6, 'MACRO GAME', 4, 12000, 10),
(7, 'SOLO STRATEGY', 4, 12000, 10),
(8, 'CHAMPIONS', 4, 12000, 10),
(9, 'STATUS', 4, 12000, 10),
(10, 'BUILDS', 4, 12000, 10),
(11, 'META', 4, 12000, 10),
(12, 'RANKING', 4, 12000, 10),
(13, 'TILT', 4, 12000, 10),
(14, 'TEAM COMP', 4, 12000, 10),
(15, 'TEAM STRATEGY', 4, 12000, 10),
(16, 'M'AP/ MAP TIMERS', 4, 12000, 10),
(17, 'EAR'LY/M'ID/LATE', 4, 12000, 10),
(18, 'LANES', 4, 12000, 10);
insert into Enrolment (EnrolId, EnrolPay, EnrolAproval, UsHGTAG, Hgcoach, CourseId) values
(1, '1', '1', 345, 2, 11),
(2, '1', '1', 336, 4, 11),
(3, '0', '0', 374, 4, 1),
(4, '1', '1', 428, 2, 8),
(5, '1', '0', 130, 3, 2),
(6, '1', '1', 98, 4, 13),
(7, '0', '0', 410, 3, 18),
(8, '1', '1', 174, 4, 9),
(9, '1', '0', 210, 4, 16),
(10, '1', '1', 150, 3, 4),
(11, '0', '0', 205, 4, 6),
(12, '1', '1', 313, 4, 11),
(13, '1', '0', 348, 4, 18),
(14, '1', '1', 429, 2, 11),
(15, '0', '0', 109, 3, 9),
(16, '1', '1', 25, 4, 9),
(17, '1', '0', 389, 2, 16),
(18, '1', '1', 478, 4, 12),
(19, '0', '0', 223, 1, 4),
(20, '1', '1', 472, 4, 15),
(21, '1', '0', 367, 1, 14),
(22, '1', '1', 485, 1, 8),
(23, '0', '0', 158, 1, 12),
(24, '1', '1', 474, 2, 12),
(25, '1', '0', 426, 1, 18),
(26, '1', '1', 245, 4, 3),
(27, '0', '0', 432, 4, 10),
(28, '1', '1', 329, 4, 6),
(29, '1', '0', 276, 1, 16)';
/*Falta un dato que es el de AvatarI'd*/
insert into certificate (CertiId, CertiDate, CertiMaster, UsHGTAG, CourseId) values
(1, '20 2, 345, 11),
(2, '20 4, 336, 11),
(3, '20 2, 428, 8),
(4, '20 4, 98, 13),
(5, '20 4, 174, 9),
(6, '20 3, 150, 4),
(7, '20 4, 313, 11),
(8, '20 2, 429, 11),
(9, '20 4, 25, 9),
(10, '20 4, 478, 12),
(11, '20 4, 472, 15),
(12, '20 1, 485, 8),
(13, '20 2, 474, 12),
(14, '20 4, 245, 3),
(15, '20 4, 329, 6);
insert into session (SessionId, SessionIni, SessionFin, UsHGTAG, PcId) values
(1, '8:00', '11:00', 169, 1),
(2, '11:00', '14:00', 26, 1),
(3, '14:00', '17:00', 402, 1),
(4, '17:00', '20:00', 428, 1),
(5, '20:00', '23:00', 186, 1),
(6, '23:00', '26:00', 486, 1),
(7, '8:00', '9:00', 185, 2),
(8, '9:00', '10:00', 141, 2),
(9, '10:00', '11:00', 260, 2),
(10, '11:00', '12:00', 290, 2),
(11, '12:00', '13:00', 447, 2),
(12, '13:00', '14:00', 485, 2),
(13, '8:00', '10:00', 423, 3),
(14, '10:00', '12:00', 445, 3),
(15, '12:00', '14:00', 453, 3),
(16, '14:00', '16:00', 171, 3),
(17, '16:00', '18:00', 320, 3),
(18, '18:00', '20:00', 299, 3),
(19, '8:00', '10:00', 96, 4),
(20, '10:00', '12:00', 465, 4),
(21, '12:00', '14:00', 488, 4),
(22, '14:00', '16:00', 206, 4),
(23, '16:00', '18:00', 202, 4),
(24, '18:00', '20:00', 35, 4),
(25, '8:00', '10:00', 168, 5),
(26, '10:00', '12:00', 221, 5),
(27, '12:00', '14:00', 465, 5),
(28, '14:00', '16:00', 320, 5),
(29, '16:00', '18:00', 85, 5),
(30, '18:00', '20:00', 308, 5),
(31, '8:00', '10:00', 124, 6),
(32, '10:00', '12:00', 218, 6),
(33, '12:00', '14:00', 353, 6),
(34, '14:00', '16:00', 233, 6),
(35, '16:00', '18:00', 45, 6),
(36, '18:00', '20:00', 354, 6),
(37, '8:00', '11:00', 438, 7),
(38, '11:00', '14:00', 383, 7),
(39, '14:00', '17:00', 100, 7),
(40, '17:00', '20:00', 223, 7),
(41, '20:00', '23:00', 306, 7),
(42, '23:00', '26:00', 202, 7),
(43, '8:00', '10:00', 288, 8),
(44, '10:00', '12:00', 492, 8),
(45, '12:00', '14:00', 28, 8),
(46, '14:00', '16:00', 319, 8),
(47, '16:00', '18:00', 254, 8),
(48, '18:00', '20:00', 71, 8),
(49, '8:00', '10:00', 223, 9),
(50, '10:00', '12:00', 38, 9),
(51, '12:00', '14:00', 445, 9),
(52, '14:00', '16:00', 257, 9),
(53, '16:00', '18:00', 171, 9),
(54, '18:00', '20:00', 300, 9),
(55, '8:00', '10:00', 106, 10),
(56, '10:00', '12:00', 497, 10),
(57, '12:00', '14:00', 496, 10),
(58, '14:00', '16:00', 23, 10),
(59, '16:00', '18:00', 150, 10),
(60, '18:00', '20:00', 468, 10),
(61, '8:00', '10:00', 341, 11),
(62, '10:00', '12:00', 197, 11),
(63, '12:00', '14:00', 220, 11),
(64, '14:00', '16:00', 26, 11),
(65, '16:00', '18:00', 341, 11),
(66, '18:00', '20:00', 465, 11),
(67, '8:00', '10:00', 199, 12),
(68, '10:00', '12:00', 219, 12),
(69, '12:00', '14:00', 308, 12),
(70, '14:00', '16:00', 115, 12),
(71, '16:00', '18:00', 190, 12),
(72, '18:00', '20:00', 432, 12),
(73, '8:00', '11:00', 30, 13),
(74, '11:00', '14:00', 274, 13),
(75, '14:00', '17:00', 47, 13),
(76, '17:00', '20:00', 439, 13),
(77, '20:00', '23:00', 346, 13),
(78, '23:00', '26:00', 276, 13),
(79, '8:00', '10:00', 111, 14),
(80, '10:00', '12:00', 306, 14),
(81, '12:00', '14:00', 300, 14),
(82, '14:00', '16:00', 318, 14),
(83, '16:00', '18:00', 62, 14),
(84, '18:00', '20:00', 341, 14),
(85, '8:00', '10:00', 30, 15),
(86, '10:00', '12:00', 445, 15),
(87, '12:00', '14:00', 71, 15),
(88, '14:00', '16:00', 168, 15),
(89, '16:00', '18:00', 482, 15),
(90, '18:00', '20:00', 465, 15),
(91, '8:00', '9:00', 371, 16),
(92, '9:00', '10:00', 171, 16),
(93, '10:00', '11:00', 432, 16),
(94, '11:00', '12:00', 256, 16),
(95, '12:00', '13:00', 411, 16),
(96, '13:00', '14:00', 166, 16),
(97, '8:00', '10:00', 88, 17),
(98, '10:00', '12:00', 99, 17),
(99, '12:00', '14:00', 298, 17),
(100, '14:00', '16:00', 411, 17),
(101, '16:00', '18:00', 196, 17),
(102, '18:00', '20:00', 196, 17),
(103, '8:00', '10:00', 219, 18),
(104, '10:00', '12:00', 293, 18),
(105, '12:00', '14:00', 111, 18),
(106, '14:00', '16:00', 274, 18),
(107, '16:00', '18:00', 264, 18),
(108, '18:00', '20:00', 37, 18);
insert into recharge (RecNumero, RecAmount, RecDate, UsHGTAG, RecBy, RecCoins) values
(1, 11000, '20 24, 1, 110),
(2, 20000, '20 127, 1, 200),
(3, 10000, '20 259, 1, 100),
(4, 12000, '20 308, 1, 120),
(5, 14000, '20 102, 1, 140),
(6, 17000, '20 147, 1, 170),
(7, 18000, '20 44, 1, 180),
(8, 20000, '20 497, 1, 200),
(9, 18000, '20 387, 1, 180),
(10, 11000, '20 287, 1, 110),
(11, 10000, '20 29, 1, 100),
(12, 16000, '20 138, 1, 160),
(13, 10000, '20 423, 1, 100),
(14, 17000, '20 90, 1, 170),
(15, 11000, '20 103, 1, 110),
(16, 14000, '20 205, 1, 140),
(17, 14000, '20 293, 1, 140),
(18, 15000, '20 195, 1, 150),
(19, 20000, '20 42, 1, 200),
(20, 19000, '20 99, 1, 190),
(21, 16000, '20 440, 1, 160),
(22, 20000, '20 71, 1, 200),
(23, 11000, '20 107, 1, 110),
(24, 10000, '20 465, 1, 100),
(25, 16000, '20 447, 1, 160),
(26, 17000, '20 283, 1, 170),
(27, 12000, '20 186, 1, 120),
(28, 11000, '20 306, 1, 110),
(29, 15000, '20 163, 1, 150),
(30, 19000, '20 179, 1, 190),
(31, 19000, '20 45, 1, 190),
(32, 13000, '20 333, 1, 130),
(33, 12000, '20 495, 1, 120),
(34, 10000, '20 215, 1, 100),
(35, 10000, '20 397, 1, 100),
(36, 15000, '20 252, 1, 150),
(37, 17000, '20 171, 1, 170),
(38, 16000, '20 85, 1, 160),
(39, 19000, '20 226, 1, 190),
(40, 20000, '20 354, 1, 200),
(41, 11000, '20 405, 1, 110),
(42, 12000, '20 468, 1, 120),
(43, 10000, '20 124, 1, 100),
(44, 12000, '20 120, 1, 120),
(45, 13000, '20 376, 1, 130),
(46, 17000, '20 63, 1, 170),
(47, 12000, '20 257, 1, 120),
(48, 13000, '20 486, 1, 130),
(49, 11000, '20 499, 1, 110),
(50, 20000, '20 260, 1, 200),
(51, 14000, '20 290, 1, 140),
(52, 19000, '20 266, 1, 190),
(53, 15000, '20 203, 1, 150),
(54, 18000, '20 341, 1, 180),
(55, 16000, '20 273, 1, 160),
(56, 20000, '20 100, 1, 200),
(57, 17000, '20 431, 1, 170),
(58, 14000, '20 288, 1, 140),
(59, 17000, '20 106, 1, 170),
(60, 13000, '20 199, 1, 130),
(61, 11000, '20 438, 1, 110),
(62, 17000, '20 488, 1, 170),
(63, 15000, '20 456, 1, 150),
(64, 17000, '20 104, 1, 170),
(65, 19000, '20 206, 1, 190),
(66, 17000, '20 438, 1, 170),
(67, 19000, '20 313, 1, 190),
(68, 14000, '20 68, 1, 140),
(69, 16000, '20 311, 1, 160),
(70, 11000, '20 150, 1, 110),
(71, 12000, '20 190, 1, 120),
(72, 11000, '20 371, 1, 110),
(73, 15000, '20 310, 1, 150),
(74, 18000, '20 81, 1, 180),
(75, 13000, '20 64, 1, 130),
(76, 19000, '20 298, 1, 190),
(77, 19000, '20 266, 1, 190),
(78, 14000, '20 151, 1, 140),
(79, 15000, '20 112, 1, 150),
(80, 11000, '20 295, 1, 110),
(81, 20000, '20 465, 1, 200),
(82, 10000, '20 109, 1, 100),
(83, 16000, '20 148, 1, 160),
(84, 12000, '20 439, 1, 120),
(85, 18000, '20 485, 1, 180),
(86, 18000, '20 354, 1, 180),
(87, 14000, '20 453, 2, 140),
(88, 20000, '20 203, 2, 200),
(89, 10000, '20 248, 2, 100),
(90, 16000, '20 339, 2, 160),
(91, 14000, '20 75, 2, 140),
(92, 10000, '20 152, 2, 100),
(93, 12000, '20 69, 2, 120),
(94, 16000, '20 238, 2, 160),
(95, 13000, '20 272, 2, 130),
(96, 11000, '20 254, 2, 110),
(97, 11000, '20 300, 2, 110),
(98, 12000, '20 428, 2, 120),
(99, 10000, '20 273, 2, 100),
(100, 15000, '20 152, 2, 150),
(101, 13000, '20 132, 2, 130),
(102, 10000, '20 186, 1, 100),
(103, 19000, '20 62, 2, 190),
(104, 12000, '20 202, 1, 120),
(105, 16000, '20 23, 1, 160),
(106, 17000, '20 330, 2, 170),
(107, 11000, '20 299, 1, 110),
(108, 15000, '20 134, 1, 150),
(109, 19000, '20 411, 2, 190),
(110, 12000, '20 265, 1, 120),
(111, 10000, '20 279, 2, 100),
(112, 11000, '20 276, 2, 110),
(113, 11000, '20 383, 1, 110),
(114, 16000, '20 353, 2, 160),
(115, 20000, '20 371, 2, 200),
(116, 18000, '20 150, 1, 180),
(117, 12000, '20 30, 1, 120),
(118, 18000, '20 405, 2, 180),
(119, 19000, '20 166, 2, 190),
(120, 20000, '20 92, 1, 200),
(121, 10000, '20 442, 2, 100),
(122, 16000, '20 319, 2, 160),
(123, 15000, '20 387, 2, 150),
(124, 11000, '20 497, 2, 110),
(125, 19000, '20 341, 2, 190),
(126, 14000, '20 190, 1, 140),
(127, 15000, '20 349, 1, 150),
(128, 10000, '20 407, 2, 100),
(129, 20000, '20 55, 2, 200),
(130, 17000, '20 375, 1, 170),
(131, 14000, '20 433, 1, 140),
(132, 15000, '20 209, 1, 150),
(133, 10000, '20 279, 1, 100),
(134, 12000, '20 64, 1, 120),
(135, 11000, '20 23, 1, 110),
(136, 18000, '20 191, 1, 180),
(137, 18000, '20 49, 2, 180),
(138, 16000, '20 141, 2, 160),
(139, 16000, '20 353, 1, 160),
(140, 18000, '20 16, 2, 180),
(141, 14000, '20 408, 2, 140),
(142, 13000, '20 496, 1, 130),
(143, 19000, '20 319, 1, 190),
(144, 10000, '20 320, 2, 100),
(145, 15000, '20 256, 1, 150),
(146, 13000, '20 26, 2, 130),
(147, 15000, '20 170, 2, 150),
(148, 16000, '20 51, 2, 160),
(149, 18000, '20 244, 2, 180),
(150, 11000, '20 51, 2, 110),
(151, 16000, '20 228, 1, 160),
(152, 16000, '20 92, 1, 160),
(153, 11000, '20 490, 1, 110),
(154, 18000, '20 265, 2, 180),
(155, 18000, '20 359, 2, 180),
(156, 20000, '20 198, 1, 200),
(157, 19000, '20 223, 1, 190),
(158, 12000, '20 51, 2, 120),
(159, 16000, '20 274, 2, 160),
(160, 17000, '20 43, 2, 170),
(161, 13000, '20 361, 1, 130),
(162, 18000, '20 207, 2, 180),
(163, 11000, '20 35, 2, 110),
(164, 16000, '20 115, 2, 160),
(165, 16000, '20 185, 1, 160),
(166, 12000, '20 220, 2, 120),
(167, 12000, '20 219, 1, 120),
(168, 20000, '20 115, 2, 200),
(169, 13000, '20 295, 1, 130),
(170, 18000, '20 302, 2, 180),
(171, 15000, '20 493, 2, 150),
(172, 10000, '20 150, 1, 100),
(173, 18000, '20 371, 1, 180),
(174, 20000, '20 190, 2, 200),
(175, 15000, '20 288, 2, 150),
(176, 17000, '20 247, 1, 170),
(177, 19000, '20 78, 1, 190),
(178, 18000, '20 88, 2, 180),
(179, 11000, '20 442, 1, 110),
(180, 11000, '20 28, 1, 110),
(181, 17000, '20 209, 2, 170),
(182, 17000, '20 492, 1, 170),
(183, 13000, '20 274, 2, 130),
(184, 17000, '20 171, 2, 170),
(185, 11000, '20 443, 2, 110),
(186, 17000, '20 499, 1, 170),
(187, 10000, '20 434, 2, 100),
(188, 11000, '20 168, 1, 110),
(189, 10000, '20 199, 2, 100),
(190, 10000, '20 168, 2, 100),
(191, 12000, '20 15, 1, 120),
(192, 14000, '20 394, 2, 140),
(193, 10000, '20 169, 2, 100),
(194, 11000, '20 201, 1, 110),
(195, 14000, '20 432, 2, 140),
(196, 11000, '20 218, 2, 110),
(197, 15000, '20 179, 1, 150),
(198, 14000, '20 47, 2, 140),
(199, 13000, '20 445, 1, 130),
(200, 15000, '20 384, 1, 150),
(201, 14000, '20 38, 1, 140),
(202, 20000, '20 261, 2, 200),
(203, 12000, '20 309, 2, 120),
(204, 13000, '20 92, 2, 130),
(205, 20000, '20 343, 2, 200),
(206, 19000, '20 133, 1, 190),
(207, 12000, '20 459, 2, 120),
(208, 12000, '20 495, 2, 120),
(209, 12000, '20 253, 1, 120),
(210, 19000, '20 349, 1, 190),
(211, 12000, '20 151, 2, 120),
(212, 14000, '20 264, 2, 140),
(213, 17000, '20 276, 2, 170),
(214, 12000, '20 196, 2, 120),
(215, 12000, '20 146, 1, 120),
(216, 20000, '20 267, 1, 200),
(217, 16000, '20 234, 2, 160),
(218, 18000, '20 206, 1, 180),
(219, 20000, '20 496, 2, 200),
(220, 20000, '20 111, 2, 200),
(221, 12000, '20 318, 2, 120),
(222, 18000, '20 423, 1, 180),
(223, 14000, '20 85, 1, 140),
(224, 18000, '20 411, 2, 180),
(225, 18000, '20 308, 1, 180),
(226, 11000, '20 71, 1, 110),
(227, 20000, '20 98, 1, 200),
(228, 19000, '20 482, 1, 190),
(229, 18000, '20 325, 2, 180),
(230, 19000, '20 254, 1, 190),
(231, 10000, '20 463, 2, 100),
(232, 18000, '20 489, 2, 180),
(233, 13000, '20 151, 1, 130),
(234, 18000, '20 288, 1, 180),
(235, 14000, '20 368, 2, 140),
(236, 18000, '20 37, 2, 180),
(237, 14000, '20 197, 2, 140),
(238, 18000, '20 423, 2, 180),
(239, 17000, '20 209, 1, 170),
(240, 16000, '20 101, 2, 160),
(241, 13000, '20 492, 1, 130),
(242, 20000, '20 482, 1, 200),
(243, 16000, '20 346, 2, 160),
(244, 20000, '20 432, 2, 200),
(245, 12000, '20 233, 1, 120),
(246, 10000, '20 178, 2, 100),
(247, 13000, '20 188, 1, 130),
(248, 12000, '20 163, 1, 120),
(249, 18000, '20 149, 1, 180),
(250, 19000, '20 357, 1, 190),
(251, 11000, '20 402, 1, 110),
(252, 18000, '20 96, 2, 180),
(253, 16000, '20 162, 1, 160),
(254, 10000, '20 367, 1, 100),
(255, 17000, '20 221, 1, 170),
(256, 16000, '20 351, 2, 160),
(257, 12000, '20 15, 1, 120),
(258, 20000, '20 343, 2, 200),
(259, 19000, '20 278, 1, 190),
(260, 18000, '20 425, 1, 180),
(261, 20000, '20 51, 2, 200),
(262, 11000, '20 436, 2, 110),
(263, 14000, '20 219, 1, 140),
(264, 16000, '20 106, 1, 160);
insert into equip (EquipId, EquipName, EquipCreator, EquipMenber2, EquipMenber3, EquipMenber4, EquipMenber5, EquipMenber6) values
(1, 'SK Telecom T1', 10, 20, 30, 40, 50, 60),
(2, 'TEAM SOLO MID', 11, 21, 31, 41, 51, 61),
(3, 'CLOUD9', 12, 22, 32, 42, 52, 62),
(4, 'Royal Never Give Up', 13, 23, 33, 43, 53, 63),
(5, 'Team WE', 14, 24, 34, 44, 54, 64),
(6, 'Lyon Gaming', 15, 25, 35, 45, 55, 65),
(7, 'COUNTER LOGIC GAMING', 16, 26, 36, 46, 56, 66),
(8, 'ECHO FOX', 17, 27, 37, 47, 57, 67),
(9, 'CLUTCH GAMING', 18, 28, 38, 48, 58, 68),
(10, 'TEAM LIQUID', 19, 29, 39, 49, 59, 69);
insert into invitations (InvitNum, InviMsg, InviSend, InviReceive, InviStatus, InviReply) values
(1, 'ACEPTA MI INVITACION AL EQUIPO!!', 10, 20, 'ACEPTED', 'ok me unire al equipo'),
(2, 'ACEPTA MI INVITACION AL EQUIPO!!', 10, 30, 'ACEPTED', 'ok me unire al equipo'),
(3, 'ACEPTA MI INVITACION AL EQUIPO!!', 10, 40, 'ACEPTED', 'ok me unire al equipo'),
(4, 'ACEPTA MI INVITACION AL EQUIPO!!', 10, 50, 'ACEPTED', 'ok me unire al equipo'),
(5, 'ACEPTA MI INVITACION AL EQUIPO!!', 10, 60, 'ACEPTED', 'ok me unire al equipo'),
(6, 'ACEPTA MI INVITACION AL EQUIPO!!', 11, 21, 'ACEPTED', 'ok me unire al equipo'),
(7, 'ACEPTA MI INVITACION AL EQUIPO!!', 11, 31, 'ACEPTED', 'ok me unire al equipo'),
(8, 'ACEPTA MI INVITACION AL EQUIPO!!', 11, 41, 'ACEPTED', 'ok me unire al equipo'),
(9, 'ACEPTA MI INVITACION AL EQUIPO!!', 11, 51, 'ACEPTED', 'ok me unire al equipo'),
(10, 'ACEPTA MI INVITACION AL EQUIPO!!', 11, 61, 'ACEPTED', 'ok me unire al equipo'),
(11, 'ACEPTA MI INVITACION AL EQUIPO!!', 12, 22, 'ACEPTED', 'ok me unire al equipo'),
(12, 'ACEPTA MI INVITACION AL EQUIPO!!', 12, 32, 'ACEPTED', 'ok me unire al equipo'),
(13, 'ACEPTA MI INVITACION AL EQUIPO!!', 12, 42, 'ACEPTED', 'ok me unire al equipo'),
(14, 'ACEPTA MI INVITACION AL EQUIPO!!', 12, 52, 'ACEPTED', 'ok me unire al equipo'),
(15, 'ACEPTA MI INVITACION AL EQUIPO!!', 12, 62, 'ACEPTED', 'ok me unire al equipo'),
(16, 'ACEPTA MI INVITACION AL EQUIPO!!', 13, 23, 'ACEPTED', 'ok me unire al equipo'),
(17, 'ACEPTA MI INVITACION AL EQUIPO!!', 13, 33, 'ACEPTED', 'ok me unire al equipo'),
(18, 'ACEPTA MI INVITACION AL EQUIPO!!', 13, 43, 'ACEPTED', 'ok me unire al equipo'),
(19, 'ACEPTA MI INVITACION AL EQUIPO!!', 13, 53, 'ACEPTED', 'ok me unire al equipo'),
(20, 'ACEPTA MI INVITACION AL EQUIPO!!', 13, 63, 'ACEPTED', 'ok me unire al equipo'),
(21, 'ACEPTA MI INVITACION AL EQUIPO!!', 14, 24, 'ACEPTED', 'ok me unire al equipo'),
(22, 'ACEPTA MI INVITACION AL EQUIPO!!', 14, 34, 'ACEPTED', 'ok me unire al equipo'),
(23, 'ACEPTA MI INVITACION AL EQUIPO!!', 14, 44, 'ACEPTED', 'ok me unire al equipo'),
(24, 'ACEPTA MI INVITACION AL EQUIPO!!', 14, 54, 'ACEPTED', 'ok me unire al equipo'),
(25, 'ACEPTA MI INVITACION AL EQUIPO!!', 14, 64, 'ACEPTED', 'ok me unire al equipo'),
(26, 'ACEPTA MI INVITACION AL EQUIPO!!', 15, 25, 'ACEPTED', 'ok me unire al equipo'),
(27, 'ACEPTA MI INVITACION AL EQUIPO!!', 15, 35, 'ACEPTED', 'ok me unire al equipo'),
(28, 'ACEPTA MI INVITACION AL EQUIPO!!', 15, 45, 'ACEPTED', 'ok me unire al equipo'),
(29, 'ACEPTA MI INVITACION AL EQUIPO!!', 15, 55, 'ACEPTED', 'ok me unire al equipo'),
(30, 'ACEPTA MI INVITACION AL EQUIPO!!', 15, 65, 'ACEPTED', 'ok me unire al equipo'),
(31, 'ACEPTA MI INVITACION AL EQUIPO!!', 16, 26, 'ACEPTED', 'ok me unire al equipo'),
(32, 'ACEPTA MI INVITACION AL EQUIPO!!', 16, 36, 'ACEPTED', 'ok me unire al equipo'),
(33, 'ACEPTA MI INVITACION AL EQUIPO!!', 16, 46, 'ACEPTED', 'ok me unire al equipo'),
(34, 'ACEPTA MI INVITACION AL EQUIPO!!', 16, 56, 'ACEPTED', 'ok me unire al equipo'),
(35, 'ACEPTA MI INVITACION AL EQUIPO!!', 16, 66, 'ACEPTED', 'ok me unire al equipo'),
(36, 'ACEPTA MI INVITACION AL EQUIPO!!', 17, 27, 'ACEPTED', 'ok me unire al equipo'),
(37, 'ACEPTA MI INVITACION AL EQUIPO!!', 17, 37, 'ACEPTED', 'ok me unire al equipo'),
(38, 'ACEPTA MI INVITACION AL EQUIPO!!', 17, 47, 'ACEPTED', 'ok me unire al equipo'),
(39, 'ACEPTA MI INVITACION AL EQUIPO!!', 17, 57, 'ACEPTED', 'ok me unire al equipo'),
(40, 'ACEPTA MI INVITACION AL EQUIPO!!', 17, 67, 'ACEPTED', 'ok me unire al equipo'),
(41, 'ACEPTA MI INVITACION AL EQUIPO!!', 18, 28, 'ACEPTED', 'ok me unire al equipo'),
(42, 'ACEPTA MI INVITACION AL EQUIPO!!', 18, 38, 'ACEPTED', 'ok me unire al equipo'),
(43, 'ACEPTA MI INVITACION AL EQUIPO!!', 18, 48, 'ACEPTED', 'ok me unire al equipo'),
(44, 'ACEPTA MI INVITACION AL EQUIPO!!', 18, 58, 'ACEPTED', 'ok me unire al equipo'),
(45, 'ACEPTA MI INVITACION AL EQUIPO!!', 18, 68, 'ACEPTED', 'ok me unire al equipo'),
(46, 'ACEPTA MI INVITACION AL EQUIPO!!', 19, 29, 'ACEPTED', 'ok me unire al equipo'),
(47, 'ACEPTA MI INVITACION AL EQUIPO!!', 19, 39, 'ACEPTED', 'ok me unire al equipo'),
(48, 'ACEPTA MI INVITACION AL EQUIPO!!', 19, 49, 'ACEPTED', 'ok me unire al equipo'),
(49, 'ACEPTA MI INVITACION AL EQUIPO!!', 19, 59, 'ACEPTED', 'ok me unire al equipo'),
(50, 'ACEPTA MI INVITACION AL EQUIPO!!', 19, 69, 'ACEPTED', 'ok me unire al equipo'),
(51, 'ACEPTA MI INVITACION AL EQUIPO!!', 115, 261, 'REJECTED', 'no me quiero unir'),
(52, 'ACEPTA MI INVITACION AL EQUIPO!!', 396, 365, 'REJECTED', 'no me quiero unir'),
(53, 'ACEPTA MI INVITACION AL EQUIPO!!', 41, 155, 'REJECTED', 'no me quiero unir'),
(54, 'ACEPTA MI INVITACION AL EQUIPO!!', 63, 317, 'REJECTED', 'no me quiero unir'),
(55, 'ACEPTA MI INVITACION AL EQUIPO!!', 493, 327, 'REJECTED', 'no me quiero unir'),
(56, 'ACEPTA MI INVITACION AL EQUIPO!!', 157, 37, 'REJECTED', 'no me quiero unir'),
(57, 'ACEPTA MI INVITACION AL EQUIPO!!', 167, 404, 'REJECTED', 'no me quiero unir'),
(58, 'ACEPTA MI INVITACION AL EQUIPO!!', 195, 400, 'REJECTED', 'no me quiero unir'),
(59, 'ACEPTA MI INVITACION AL EQUIPO!!', 157, 498, 'REJECTED', 'no me quiero unir'),
(60, 'ACEPTA MI INVITACION AL EQUIPO!!', 125, 274, 'REJECTED', 'no me quiero unir'),
(61, 'ACEPTA MI INVITACION AL EQUIPO!!', 221, 107, 'REJECTED', 'no me quiero unir'),
(62, 'ACEPTA MI INVITACION AL EQUIPO!!', 66, 67, 'REJECTED', 'no me quiero unir'),
(63, 'ACEPTA MI INVITACION AL EQUIPO!!', 394, 29, 'REJECTED', 'no me quiero unir'),
(64, 'ACEPTA MI INVITACION AL EQUIPO!!', 69, 399, 'REJECTED', 'no me quiero unir'),
(65, 'ACEPTA MI INVITACION AL EQUIPO!!', 251, 55, 'REJECTED', 'no me quiero unir'),
(66, 'ACEPTA MI INVITACION AL EQUIPO!!', 419, 405, 'REJECTED', 'no me quiero unir'),
(67, 'ACEPTA MI INVITACION AL EQUIPO!!', 405, 439, 'REJECTED', 'no me quiero unir'),
(68, 'ACEPTA MI INVITACION AL EQUIPO!!', 20, 246, 'REJECTED', 'no me quiero unir'),
(69, 'ACEPTA MI INVITACION AL EQUIPO!!', 158, 288, 'REJECTED', 'no me quiero unir'),
(70, 'ACEPTA MI INVITACION AL EQUIPO!!', 484, 58, 'REJECTED', 'no me quiero unir'),
(71, 'ACEPTA MI INVITACION AL EQUIPO!!', 324, 29, 'REJECTED', 'no me quiero unir'),
(72, 'ACEPTA MI INVITACION AL EQUIPO!!', 338, 47, 'REJECTED', 'no me quiero unir'),
(73, 'ACEPTA MI INVITACION AL EQUIPO!!', 10, 203, 'REJECTED', 'no me quiero unir'),
(74, 'ACEPTA MI INVITACION AL EQUIPO!!', 306, 173, 'REJECTED', 'no me quiero unir'),
(75, 'ACEPTA MI INVITACION AL EQUIPO!!', 23, 238, 'REJECTED', 'no me quiero unir'),
(76, 'ACEPTA MI INVITACION AL EQUIPO!!', 426, 332, 'REJECTED', 'no me quiero unir'),
(77, 'ACEPTA MI INVITACION AL EQUIPO!!', 472, 118, 'REJECTED', 'no me quiero unir'),
(78, 'ACEPTA MI INVITACION AL EQUIPO!!', 227, 89, 'REJECTED', 'no me quiero unir'),
(79, 'ACEPTA MI INVITACION AL EQUIPO!!', 290, 179, 'REJECTED', 'no me quiero unir'),
(80, 'ACEPTA MI INVITACION AL EQUIPO!!', 315, 303, 'REJECTED', 'no me quiero unir'),
(81, 'ACEPTA MI INVITACION AL EQUIPO!!', 239, 265, 'REJECTED', 'no me quiero unir'),
(82, 'ACEPTA MI INVITACION AL EQUIPO!!', 474, 243, 'REJECTED', 'no me quiero unir'),
(83, 'ACEPTA MI INVITACION AL EQUIPO!!', 141, 441, 'REJECTED', 'no me quiero unir'),
(84, 'ACEPTA MI INVITACION AL EQUIPO!!', 453, 323, 'REJECTED', 'no me quiero unir'),
(85, 'ACEPTA MI INVITACION AL EQUIPO!!', 498, 189, 'REJECTED', 'no me quiero unir'),
(86, 'ACEPTA MI INVITACION AL EQUIPO!!', 379, 408, 'REJECTED', 'no me quiero unir'),
(87, 'ACEPTA MI INVITACION AL EQUIPO!!', 255, 197, 'REJECTED', 'no me quiero unir'),
(88, 'ACEPTA MI INVITACION AL EQUIPO!!', 456, 479, 'REJECTED', 'no me quiero unir'),
(89, 'ACEPTA MI INVITACION AL EQUIPO!!', 439, 265, 'REJECTED', 'no me quiero unir'),
(90, 'ACEPTA MI INVITACION AL EQUIPO!!', 75, 495, 'REJECTED', 'no me quiero unir'),
(91, 'ACEPTA MI INVITACION AL EQUIPO!!', 427, 464, 'REJECTED', 'no me quiero unir'),
(92, 'ACEPTA MI INVITACION AL EQUIPO!!', 71, 115, 'REJECTED', 'no me quiero unir'),
(93, 'ACEPTA MI INVITACION AL EQUIPO!!', 377, 48, 'REJECTED', 'no me quiero unir'),
(94, 'ACEPTA MI INVITACION AL EQUIPO!!', 162, 282, 'REJECTED', 'no me quiero unir');
insert into GameReg (GameRegId, GameId, UsHGTAG, GameNick, GameLevel, GameRange, GameSince) values
(1, 10, 174, 'Antonia50', 28, 'UNRANKED', '20'14'/2/26'),
(2, 10, 488, 'Azael87', 60, 'PLATA 4', '20
(3, 10, 282, 'Hermelando65', 36, 'ORO 2', '20
(4, 10, 463, 'Milo44', 53, 'DIAMANTE 1', '20'11'/3/17'),
(5, 10, 339, 'Nikolay60', 44, 'BRONCE 2', '20'14'/5/10'),
(6, 10, 217, 'Ismelda60', 54, 'ORO 4', '20'13'/5/1'),
(7, 10, 287, 'Agapito93', 30, 'DIAMANTE 4', '20'15'/5/26'),
(8, 10, 382, 'Ferrucio50', 57, 'MASTER ', '20'13'/4/28'),
(9, 10, 445, 'Aleksan66', 30, 'MASTER ', '20'10'/7/10'),
(10, 10, 388, 'Edelberto48', 30, 'ORO 3', '20,
(11, 10, 242, 'Indigo50', 19, 'UNRANKED', '20'10'/4/5'),
(12, 10, 298, 'Kiernan23', 40, 'ORO 5', '20'14'/7/2'),
(13, 10, 473, 'Oakley77', 47, 'PLATINO 2', '20
(14, 10, 334, 'Daien86', 34, 'ORO 2', '20'15'/1/12'),
(15, 10, 377, 'Termes55', 29, 'UNRANKED', '20'13'/3/14'),
(16, 10, 411, 'Severo32', 41, 'ORO 2', '20'11'/9/4'),
(17, 10, 274, 'Algerico78', 27, 'UNRANKED', '20'10'/9/2'),
(18, 10, 435, 'Erich31', 26, 'UNRANKED', '20'12'/2/16'),
(19, 10, 154, 'Concordia82', 36, 'PLATINO 1', '20'13'/2/7'),
(20, 10, 353, 'Damiano86', 65, 'MASTER ', '20,
(21, 10, 65, 'Walquiria35', 62, 'ORO 2', '20'10'/8/22'),
(22, 10, 348, 'Audacto25', 45, 'BRONCE 4', '20
(23, 10, 487, 'Etelberto68', 50, 'BRONCE 5', '20'17'/9/20'),
(24, 10, 68, 'Queribina93', 53, 'ORO 3', '20'10'/9/17'),
(25, 10, 10, 'Enid98', 39, 'MASTER ', '20'13'/6/12'),
(26, 10, 248, 'Eduvijes65', 37, 'PLATINO 5', '20
(27, 10, 35, 'Hossana53', 37, 'ORO 4', '20'16'/7/6'),
(28, 10, 5, 'Manda40', 47, 'PLATA 4', '20'15'/6/12'),
(29, 10, 159, 'Suzette96', 49, 'BRONCE 3', '20'16'/4/21'),
(30, 10, 101, 'Fiamma20', 54, 'ORO 1', '20,
(31, 10, 418, 'Electo67', 29, 'UNRANKED', '20,
(32, 10, 176, 'Naima50', 64, 'CHALLENGER ', '20'16'/6/16'),
(33, 10, 407, 'Calimerio30', 57, 'DIAMANTE 1', '20'12'/3/13'),
(34, 10, 382, 'Ferrucio50', 20, 'UNRANKED', '20'11'/2/11'),
(35, 10, 468, 'Brentan24', 23, 'UNRANKED', '20,
(36, 10, 21, 'Coralie71', 40, 'PLATINO 5', '20,
(37, 10, 372, 'Nostriano34', 23, 'UNRANKED', '20'13'/6/23'),
(38, 10, 379, 'Pomponio37', 33, 'BRONCE 5', '20'17'/7/20'),
(39, 10, 102, 'Haldis35', 22, 'UNRANKED', '20,
(40, 10, 27, 'Amarella17', 50, 'BRONCE 3', '20'17'/5/14'),
(41, 10, 108, 'Johanna49', 43, 'DIAMANTE 5', '20'12'/1/26'),
(42, 10, 231, 'Jodi23', 59, 'BRONCE 3', '20'15'/9/7'),
(43, 10, 404, 'Josemir88', 61, 'ORO 5', '20,
(44, 10, 275, 'Uziel42', 37, 'PLATA 4', '20'16'/5/11'),
(45, 10, 253, 'Hipólito70', 48, 'BRONCE 5', '20'14'/6/8'),
(46, 10, 407, 'Calimerio30', 19, 'UNRANKED', '20'16'/9/28'),
(47, 10, 232, 'Basila23', 15, 'UNRANKED', '20,
(48, 10, 321, 'Lupo77', 52, 'ORO 3', '20'14'/2/24'),
(49, 10, 256, 'Sabacio33', 56, 'DIAMANTE 2', '20'17'/1/25'),
(50, 10, 395, 'Cromacio65', 39, 'PLATA 1', '20'11'/6/15'),
(51, 10, 408, 'Dutch43', 43, 'PLATINO 1', '20'10'/6/21'),
(52, 10, 101, 'Fiamma20', 17, 'UNRANKED', '20'11'/1/15'),
(53, 10, 278, 'Kiernan54', 47, 'BRONCE 5', '20'10'/9/23'),
(54, 10, 418, 'Electo67', 55, 'BRONCE 4', '20
(55, 10, 151, 'Alzena38', 28, 'UNRANKED', '20'12'/8/3'),
(56, 10, 145, 'Alia26', 43, 'MASTER ', '20'16'/4/29'),
(57, 10, 166, 'Cinda90', 17, 'UNRANKED', '20'16'/2/1'),
(58, 10, 209, 'Gittel23', 54, 'DIAMANTE 1', '20'12'/1/19'),
(59, 10, 303, 'Prospero30', 37, 'PLATA 3', '20
(60, 10, 257, 'Drogon70', 49, 'CHALLENGER ', '20'10'/1/20'),
(61, 10, 429, 'Viggo29', 23, 'UNRANKED', '20'11'/3/13'),
(62, 10, 349, 'Searle22', 20, 'UNRANKED', '20'13'/3/18'),
(63, 10, 54, 'Rei72', 48, 'ORO 4', '20'11'/7/6'),
(64, 10, 423, 'Pelino50', 41, 'PLATA 5', '20'10'/3/4'),
(65, 10, 167, 'Agar55', 20, 'UNRANKED', '20'10'/7/27'),
(66, 10, 161, 'Odel71', 29, 'UNRANKED', '20,
(67, 10, 29, 'Nayli Mical95', 21, 'UNRANKED', '20'10'/4/23'),
(68, 10, 89, 'Fallon76', 32, 'DIAMANTE 1', '20'13'/3/11'),
(69, 10, 153, 'Olwen38', 57, 'PLATINO 2', '20'14'/9/1'),
(70, 10, 376, 'Crosby40', 55, 'PLATINO 5', '20'11'/3/12'),
(71, 10, 155, 'Teresita53', 56, 'PLATA 5', '20'13'/8/3'),
(72, 10, 389, 'Severiano79', 22, 'UNRANKED', '20'14'/4/28'),
(73, 10, 425, 'Farnacio52', 28, 'UNRANKED', '20'10'/6/7'),
(74, 10, 76, 'Odile54', 24, 'UNRANKED', '20'11'/2/12'),
(75, 10, 139, 'Pearl89', 50, 'PLATINO 4', '20
(76, 10, 63, 'Aure77', 47, 'PLATINO 2', '20'17'/3/23'),
(77, 10, 216, 'Tayhana38', 49, 'DIAMANTE 1', '20'16'/2/5'),
(78, 10, 315, 'Santos22', 40, 'PLATINO 5', '20'14'/1/4'),
(79, 10, 379, 'Pomponio37', 29, 'UNRANKED', '20'14'/9/4'),
(80, 10, 13, 'Liboria56', 62, 'ORO 1', '20'10'/2/2'),
(81, 10, 431, 'Ulysses63', 58, 'PLATINO 1', '20
(82, 10, 78, 'Gracias97', 36, 'DIAMANTE 1', '20'17'/5/28'),
(83, 10, 449, 'Kirby43', 63, 'ORO 1', '20'13'/1/29'),
(84, 10, 411, 'Severo32', 47, 'PLATA 3', '20'17'/7/25'),
(85, 10, 58, 'Seyla73', 52, 'PLATINO 1', '20'10'/9/17'),
(86, 10, 355, 'Reinaldo32', 28, 'UNRANKED', '20'11'/4/7'),
(87, 10, 88, 'Celeste26', 40, 'PLATA 2', '20'10'/4/6'),
(88, 10, 18, 'Grainne73', 33, 'BRONCE 4', '20
(89, 10, 324, 'Tyson93', 34, 'BRONCE 5', '20'11'/6/3'),
(90, 10, 149, 'Dándara72', 26, 'UNRANKED', '20'11'/6/1'),
(91, 10, 146, 'Kiara Sinai85', 40, 'DIAMANTE 5', '20'12'/6/28'),
(92, 10, 378, 'Pierino55', 38, 'PLATA 5', '20,
(93, 10, 382, 'Ferrucio50', 17, 'UNRANKED', '20'16'/7/26'),
(94, 10, 233, 'Auree74', 64, 'PLATINO 3', '20,
(95, 10, 492, 'Oleg29', 62, 'PLATA 3', '20
(96, 10, 115, 'Zulima34', 23, 'UNRANKED', '20'12'/5/11'),
(97, 10, 202, 'Quirina70', 49, 'ORO 2', '20'15'/9/25'),
(98, 10, 308, 'Jotham98', 55, 'PLATINO 1', '20'16'/6/25'),
(99, 10, 457, 'Tulio97', 25, 'UNRANKED', '20'14'/1/10'),
(100, 10, 113, 'Alis59', 22, 'UNRANKED', '20,
(101, 10, 345, 'Kiernan97', 25, 'UNRANKED', '20'17'/3/18'),
(102, 10, 169, 'Elna36', 24, 'UNRANKED', '20,
(103, 10, 336, 'Jacinto64', 18, 'UNRANKED', '20'16'/8/2'),
(104, 10, 3, 'Queila97', 49, 'BRONCE 4', '20,
(105, 10, 69, 'De Luna73', 37, 'BRONCE 3', '20'12'/9/22'),
(106, 10, 77, 'Brigitte44', 30, 'PLATA 4', '20,
(107, 10, 486, 'Sixto76', 27, 'UNRANKED', '20'13'/3/29'),
(108, 10, 29, 'Nayli Mical95', 19, 'UNRANKED', '20'12'/1/16'),
(109, 10, 30, 'Giorgia16', 30, 'CHALLENGER ', '20'15'/5/5'),
(110, 10, 134, 'Salene53', 21, 'UNRANKED', '20'13'/5/14'),
(111, 10, 165, 'Anera74', 54, 'PLATINO 3', '20,
(112, 10, 471, 'Aderito54', 48, 'DIAMANTE 5', '20'13'/8/5'),
(113, 10, 125, 'Vala79', 29, 'UNRANKED', '20'12'/7/2'),
(114, 10, 270, 'Ratbodo49', 23, 'UNRANKED', '20'14'/9/9'),
(115, 10, 342, 'Vital27', 58, 'PLATA 2', '20'11'/5/17'),
(116, 10, 97, 'Mireia88', 19, 'UNRANKED', '20'10'/6/11'),
(117, 10, 500, 'Eutrapio13', 34, 'PLATA 2', '20'15'/3/27'),
(118, 10, 56, 'Orfilia25', 34, 'PLATINO 2', '20,
(119, 10, 150, 'Argelia62', 16, 'UNRANKED', '20'13'/5/1'),
(120, 10, 278, 'Kiernan54', 46, 'PLATA 2', '20'13'/3/24'),
(121, 10, 23, 'Canela80', 46, 'ORO 1', '20'16'/5/19'),
(122, 10, 390, 'Mick70', 55, 'DIAMANTE 1', '20'13'/9/22'),
(123, 10, 390, 'Mick70', 16, 'UNRANKED', '20'15'/6/23'),
(124, 10, 276, 'Melik11', 33, 'BRONCE 3', '20,
(125, 10, 274, 'Algerico78', 20, 'UNRANKED', '20'15'/8/16'),
(126, 10, 213, 'Alvia26', 37, 'DIAMANTE 4', '20'14'/3/28'),
(127, 10, 342, 'Vital27', 32, 'PLATA 1', '20'12'/2/16'),
(128, 10, 425, 'Farnacio52', 42, 'BRONCE 3', '20'15'/7/5'),
(129, 10, 437, 'Eulalio43', 35, 'PLATINO 5', '20,
(130, 10, 495, 'Ajani94', 40, 'PLATA 5', '20'10'/5/14'),
(131, 10, 477, 'Gresham25', 19, 'UNRANKED', '20'13'/1/11'),
(132, 10, 47, 'Zully89', 27, 'UNRANKED', '20'11'/1/18'),
(133, 10, 213, 'Alvia26', 62, 'ORO 1', '20'10'/5/19'),
(134, 10, 257, 'Drogon70', 52, 'BRONCE 5', '20,
(135, 10, 125, 'Vala79', 16, 'UNRANKED', '20'13'/1/10'),
(136, 10, 461, 'Fortunato66', 24, 'UNRANKED', '20,
(137, 10, 423, 'Pelino50', 32, 'PLATINO 3', '20,
(138, 10, 279, 'Brandano56', 24, 'UNRANKED', '20'14'/6/17'),
(139, 10, 84, 'Jordane40', 62, 'BRONCE 3', '20,
(140, 10, 215, 'Maria de Aranzazu41', 61, 'DIAMANTE 1', '20'10'/5/1'),
(141, 10, 333, 'Antenor34', 23, 'UNRANKED', '20
(142, 10, 101, 'Fiamma20', 55, 'PLATA 1', '20,
(143, 10, 196, 'Eufrasia86', 35, 'BRONCE 2', '20'11'/4/12'),
(144, 10, 192, 'Fidelity41', 63, 'DIAMANTE 5', '20'13'/6/2'),
(145, 10, 142, 'De la Flor20', 35, 'BRONCE 2', '20'12'/8/14'),
(146, 10, 89, 'Fallon76', 48, 'DIAMANTE 1', '20'11'/7/18'),
(147, 10, 39, 'Vanessa26', 33, 'BRONCE 4', '20,
(148, 10, 74, 'Ealsa54', 51, 'PLATA 4', '20'12'/3/17'),
(149, 10, 219, 'Iara44', 51, 'CHALLENGER ', '20'12'/7/10'),
(150, 10, 379, 'Pomponio37', 32, 'DIAMANTE 5', '20'13'/2/5'),
(151, 10, 355, 'Reinaldo32', 30, 'PLATA 5', '20'10'/2/9'),
(152, 10, 218, 'Ester67', 49, 'DIAMANTE 5', '20'11'/6/19'),
(153, 10, 173, 'Pomponia23', 35, 'ORO 3', '20'14'/9/20'),
(154, 10, 427, 'Dael71', 58, 'ORO 4', '20,
(155, 10, 457, 'Tulio97', 20, 'UNRANKED', '20'12'/5/18'),
(156, 10, 96, 'Kanya92', 28, 'UNRANKED', '20
(157, 10, 309, 'Ye Chan63', 65, 'PLATA 4', '20'12'/1/29'),
(158, 10, 481, 'Leopoldo87', 65, 'BRONCE 4', '20'10'/1/11'),
(159, 10, 51, 'Welcome48', 45, 'ORO 3', '20,
(160, 10, 108, 'Johanna49', 37, 'BRONCE 4', '20'13'/7/13'),
(161, 10, 229, 'Racha84', 26, 'UNRANKED', '20,
(162, 10, 237, 'Dámaris24', 53, 'BRONCE 3', '20'11'/3/21'),
(163, 10, 273, 'Gunnar53', 56, 'DIAMANTE 5', '20,
(164, 10, 16, 'Noma69', 42, 'PLATA 2', '20'11'/6/9'),
(165, 10, 469, 'Beranger72', 16, 'UNRANKED', '20'14'/6/10'),
(166, 10, 459, 'Acilino59', 51, 'DIAMANTE 3', '20'12'/9/11'),
(167, 10, 449, 'Kirby43', 24, 'UNRANKED', '20'14'/5/13'),
(168, 10, 428, 'Charif90', 31, 'DIAMANTE 2', '20'11'/8/4'),
(169, 10, 107, 'Elizabeth14', 47, 'BRONCE 4', '20
(170, 10, 385, 'Candelario47', 19, 'UNRANKED', '20'16'/6/1'),
(171, 10, 312, 'Galeno18', 36, 'PLATINO 4', '20'10'/9/8'),
(172, 10, 113, 'Alis59', 49, 'DIAMANTE 5', '20'13'/1/20'),
(173, 10, 26, 'Rocio de Luz68', 15, 'UNRANKED', '20'16'/8/26'),
(174, 10, 430, 'Elazar13', 18, 'UNRANKED', '20,
(175, 10, 35, 'Hossana53', 16, 'UNRANKED', '20'16'/3/13'),
(176, 10, 343, 'Nadab63', 61, 'BRONCE 2', '20,
(177, 10, 2, 'America98', 16, 'UNRANKED', '20'13'/5/15'),
(178, 10, 46, 'Macrina76', 50, 'PLATINO 4', '20'17'/1/22'),
(179, 10, 22, 'Loul60', 20, 'UNRANKED', '20,
(180, 10, 279, 'Brandano56', 49, 'ORO 2', '20'16'/9/26'),
(181, 10, 141, 'Saturnina23', 41, 'DIAMANTE 1', '20,
(182, 10, 100, 'Guisell37', 21, 'UNRANKED', '20'14'/6/12'),
(183, 10, 253, 'Hipólito70', 31, 'BRONCE 2', '20,
(184, 10, 482, 'Arrigo48', 50, 'ORO 5', '20'16'/7/14'),
(185, 10, 14, 'Cyndi12', 51, 'CHALLENGER ', '20'11'/3/5'),
(186, 10, 206, 'Odessa67', 33, 'PLATINO 2', '20'15'/6/23'),
(187, 10, 123, 'Coloma40', 17, 'UNRANKED', '20'11'/1/10'),
(188, 10, 485, 'Dane48', 44, 'DIAMANTE 2', '20'17'/4/16'),
(189, 10, 325, 'Frigidiano40', 15, 'UNRANKED', '20'15'/2/27'),
(190, 10, 262, 'Yuma20', 60, 'CHALLENGER ', '20'10'/9/16'),
(191, 10, 427, 'Dael71', 26, 'UNRANKED', '20,
(192, 10, 486, 'Sixto76', 61, 'DIAMANTE 4', '20'12'/4/21'),
(193, 10, 95, 'Audi34', 50, 'ORO 2', '20,
(194, 10, 473, 'Oakley77', 24, 'UNRANKED', '20'13'/2/19'),
(195, 10, 221, 'Kaatje25', 26, 'UNRANKED', '20'16'/8/6'),
(196, 10, 289, 'Merlín67', 51, 'CHALLENGER ', '20'13'/5/26'),
(197, 10, 185, 'Shina57', 33, 'MASTER ', '20'15'/4/6'),
(198, 10, 329, 'Garwood64', 64, 'PLATINO 1', '20'11'/5/26'),
(199, 10, 489, 'Chander12', 65, 'PLATA 3', '20'13'/5/28'),
(200, 10, 482, 'Arrigo48', 34, 'PLATA 3', '20,
(201, 10, 315, 'Santos22', 47, 'BRONCE 2', '20
(202, 10, 3, 'Queila97', 30, 'DIAMANTE 4', '20,
(203, 10, 106, 'Covadonga50', 28, 'UNRANKED', '20'14'/7/15'),
(204, 10, 54, 'Rei72', 36, 'CHALLENGER ', '20'11'/7/24'),
(205, 10, 331, 'Domiciano13', 26, 'UNRANKED', '20'11'/5/25'),
(206, 10, 147, 'Fusca70', 19, 'UNRANKED', '20'10'/1/21'),
(207, 10, 186, 'Arcelia62', 15, 'UNRANKED', '20'14'/1/25'),
(208, 10, 353, 'Damiano86', 64, 'MASTER ', '20'11'/9/24'),
(209, 10, 174, 'Antonia50', 23, 'UNRANKED', '20
(210, 10, 443, 'Platonides81', 57, 'BRONCE 5', '20'13'/8/11'),
(211, 10, 293, 'Fulberto37', 25, 'UNRANKED', '20,
(212, 10, 463, 'Milo44', 65, 'MASTER ', '20'17'/6/26'),
(213, 10, 354, 'Perfecto53', 18, 'UNRANKED', '20,
(214, 10, 439, 'Adolph77', 43, 'PLATINO 1', '20'14'/7/16'),
(215, 10, 284, 'Epicuro88', 22, 'UNRANKED', '20'16'/4/29'),
(216, 10, 342, 'Vital27', 16, 'UNRANKED', '20'13'/9/8'),
(217, 10, 47, 'Zully89', 19, 'UNRANKED', '20'11'/6/20'),
(218, 10, 54, 'Rei72', 34, 'DIAMANTE 5', '20'10'/7/22'),
(219, 10, 348, 'Audacto25', 32, 'DIAMANTE 2', '20
(220, 10, 7, 'Marvel18', 19, 'UNRANKED', '20'17'/6/29'),
(221, 10, 403, 'Aramis21', 21, 'UNRANKED', '20'11'/7/14'),
(222, 10, 409, 'Sturno82', 48, 'DIAMANTE 3', '20,
(223, 10, 237, 'Dámaris24', 62, 'ORO 1', '20'12'/3/28'),
(224, 10, 118, 'Moesha95', 61, 'PLATINO 4', '20'13'/1/10'),
(225, 10, 7, 'Marvel18', 42, 'ORO 3', '20
(226, 10, 313, 'Douglas77', 39, 'PLATINO 3', '20'14'/3/29'),
(227, 10, 179, 'Maria de Iya55', 19, 'UNRANKED', '20,
(228, 10, 454, 'Athos28', 53, 'PLATA 2', '20'11'/8/26'),
(229, 10, 398, 'Auricio47', 44, 'ORO 3', '20
(230, 10, 88, 'Celeste26', 33, 'DIAMANTE 1', '20,
(231, 10, 240, 'Antinia16', 46, 'DIAMANTE 1', '20'13'/3/10'),
(232, 10, 296, 'Timin29', 58, 'PLATINO 4', '20'13'/4/16'),
(233, 10, 312, 'Galeno18', 61, 'PLATINO 4', '20'13'/2/18'),
(234, 10, 421, 'Tiago88', 20, 'UNRANKED', '20
(235, 10, 143, 'Nefer43', 39, 'BRONCE 4', '20'16'/6/2'),
(236, 10, 25, 'Malvina34', 46, 'DIAMANTE 2', '20'16'/3/25'),
(237, 10, 48, 'Sophya55', 25, 'UNRANKED', '20'14'/4/26'),
(238, 10, 313, 'Douglas77', 63, 'PLATINO 3', '20'17'/9/26'),
(239, 10, 481, 'Leopoldo87', 60, 'PLATA 1', '20'17'/9/15'),
(240, 10, 79, 'Maria Monserrat84', 59, 'PLATA 2', '20'13'/7/19'),
(241, 10, 44, 'Naida30', 21, 'UNRANKED', '20'15'/2/2'),
(242, 10, 46, 'Macrina76', 40, 'ORO 4', '20
(243, 10, 337, 'Proceso27', 21, 'UNRANKED', '20'15'/6/23'),
(244, 10, 95, 'Audi34', 53, 'ORO 1', '20
(245, 10, 156, 'Wendy59', 49, 'BRONCE 4', '20'12'/4/29'),
(246, 10, 133, 'Mayu11', 31, 'BRONCE 2', '20'17'/2/18'),
(247, 10, 105, 'Natalin21', 46, 'DIAMANTE 4', '20'13'/1/3'),
(248, 10, 78, 'Gracias97', 21, 'UNRANKED', '20'13'/7/22'),
(249, 10, 39, 'Vanessa26', 36, 'PLATA 5', '20'15'/1/1');
